Timestamp,Price,Volume
2019-07-12 01:00:00,11.031,1192
2019-07-13 01:00:00,11.629,7437
2019-07-14 01:00:00,12.109,1727
2019-07-15 01:00:00,12.55,1067
2019-07-16 01:00:00,12.94,850
2019-07-17 01:00:00,13.708,689
2019-07-18 01:00:00,13.911,553
2019-07-19 01:00:00,14.091,535
2019-07-20 01:00:00,12.955,647
2019-07-21 01:00:00,12.703,423
2019-07-22 01:00:00,12.723,396
2019-07-23 01:00:00,11.708,576
2019-07-24 01:00:00,11.283,458
2019-07-25 01:00:00,11.234,395
2019-07-26 01:00:00,11.338,383
2019-07-27 01:00:00,11.207,340
2019-07-28 01:00:00,11.096,390
2019-07-29 01:00:00,10.839,319
2019-07-30 01:00:00,10.726,321
2019-07-31 01:00:00,10.493,309
2019-08-01 01:00:00,10.225,303
2019-08-02 01:00:00,10.638,280
2019-08-03 01:00:00,10.411,300
2019-08-04 01:00:00,10.172,264
2019-08-05 01:00:00,10.22,269
2019-08-06 01:00:00,8.226,3103
2019-08-07 01:00:00,7.311,1225
2019-08-08 01:00:00,7.096,823
2019-08-09 01:00:00,7.38,739
2019-08-10 01:00:00,7.28,731
2019-08-11 01:00:00,7.212,765
2019-08-12 01:00:00,7.242,630
2019-08-13 01:00:00,7.25,560
2019-08-14 01:00:00,7.003,770
2019-08-15 01:00:00,7.382,558
2019-08-16 01:00:00,7.566,555
2019-08-17 01:00:00,7.657,601
2019-08-18 01:00:00,7.467,515
2019-08-19 01:00:00,7.021,1060
2019-08-20 01:00:00,6.181,1183
2019-08-21 01:00:00,6.289,713
2019-08-22 01:00:00,6.283,635
2019-08-23 01:00:00,6.311,618
2019-08-24 01:00:00,6.516,760
2019-08-25 01:00:00,6.78,845
2019-08-26 01:00:00,7.17,626
2019-08-27 01:00:00,6.861,570
2019-08-28 01:00:00,7.164,413
2019-08-29 01:00:00,7.027,413
2019-08-30 01:00:00,7.014,419
2019-08-31 01:00:00,6.965,454
2019-09-01 01:00:00,6.614,979
2019-09-02 01:00:00,6.674,670
2019-09-03 01:00:00,6.79,452
2019-09-04 01:00:00,6.721,424
2019-09-05 01:00:00,6.74,372
2019-09-06 01:00:00,6.801,364
2019-09-07 01:00:00,6.766,400
2019-09-08 01:00:00,6.306,444
2019-09-09 01:00:00,6.142,438
2019-09-10 01:00:00,6.283,346
2019-09-11 01:00:00,6.384,308
2019-09-12 01:00:00,6.394,268
2019-09-13 01:00:00,6.29,294
2019-09-14 01:00:00,6.421,352
2019-09-15 01:00:00,6.498,291
2019-09-16 01:00:00,6.458,245
2019-09-17 01:00:00,6.338,260
2019-09-18 01:00:00,6.145,269
2019-09-19 01:00:00,6.134,250
2019-09-20 01:00:00,6.154,249
2019-09-21 01:00:00,6.037,288
2019-09-22 01:00:00,6.014,278
2019-09-23 01:00:00,5.957,230
2019-09-24 01:00:00,5.947,246
2019-09-25 01:00:00,5.929,242
2019-09-26 01:00:00,5.814,215
2019-09-27 01:00:00,5.65,267
2019-09-28 01:00:00,5.625,273
2019-09-29 01:00:00,5.533,256
2019-09-30 01:00:00,5.607,262
2019-10-01 01:00:00,5.814,216
2019-10-02 01:00:00,5.69,223
2019-10-03 01:00:00,5.666,214
2019-10-04 01:00:00,5.713,210
2019-10-05 01:00:00,5.858,216
2019-10-06 01:00:00,5.652,241
2019-10-07 01:00:00,5.768,218
2019-10-08 01:00:00,5.626,211
2019-10-09 01:00:00,5.554,198
2019-10-10 01:00:00,5.557,208
2019-10-11 01:00:00,5.509,238
2019-10-12 01:00:00,5.565,211
2019-10-13 01:00:00,5.558,233
2019-10-14 01:00:00,5.597,223
2019-10-15 01:00:00,5.445,192
2019-10-16 01:00:00,5.476,169
2019-10-17 01:00:00,5.509,171
2019-10-18 01:00:00,5.349,194
2019-10-19 01:00:00,5.374,232
2019-10-20 01:00:00,5.395,229
2019-10-21 01:00:00,5.181,245
2019-10-22 01:00:00,5.241,200
2019-10-23 01:00:00,4.885,219
2019-10-24 01:00:00,4.905,201
2019-10-25 01:00:00,4.987,229
2019-10-26 01:00:00,5.01,242
2019-10-27 01:00:00,4.951,224
2019-10-28 01:00:00,4.875,238
2019-10-29 01:00:00,4.654,241
2019-10-30 01:00:00,4.63,235
2019-10-31 01:00:00,4.603,221
2019-11-01 01:00:00,4.909,227
2019-11-02 01:00:00,5.132,238
2019-11-03 01:00:00,5.121,175
2019-11-04 01:00:00,4.997,169
2019-11-05 01:00:00,4.986,149
2019-11-06 01:00:00,4.797,182
2019-11-07 01:00:00,4.727,185
2019-11-08 01:00:00,4.892,191
2019-11-09 01:00:00,5.032,206
2019-11-10 01:00:00,4.932,198
2019-11-11 01:00:00,4.78,191
2019-11-12 01:00:00,4.764,146
2019-11-13 01:00:00,4.812,146
2019-11-14 01:00:00,4.669,142
2019-11-15 01:00:00,4.773,204
2019-11-16 01:00:00,5.067,177
2019-11-17 01:00:00,4.936,192
2019-11-18 01:00:00,4.998,156
2019-11-19 01:00:00,4.178,318
2019-11-20 01:00:00,4.456,180
2019-11-21 01:00:00,4.541,163
2019-11-22 01:00:00,4.604,196
2019-11-23 01:00:00,4.56,196
2019-11-24 01:00:00,4.537,177
2019-11-25 01:00:00,4.494,164
2019-11-26 01:00:00,4.543,151
2019-11-27 01:00:00,4.318,248
2019-11-28 01:00:00,4.421,191
2019-11-29 01:00:00,4.515,202
2019-11-30 01:00:00,4.556,236
2019-12-01 01:00:00,4.381,209
2019-12-02 01:00:00,4.436,173
2019-12-03 01:00:00,4.352,189
2019-12-04 01:00:00,4.519,206
2019-12-05 01:00:00,4.466,152
2019-12-06 01:00:00,4.295,182
2019-12-07 01:00:00,4.412,165
2019-12-08 01:00:00,4.443,204
2019-12-09 01:00:00,4.416,151
2019-12-10 01:00:00,4.395,142
2019-12-11 01:00:00,4.295,148
2019-12-12 01:00:00,4.211,142
2019-12-13 01:00:00,4.187,197
2019-12-14 01:00:00,4.214,172
2019-12-15 01:00:00,4.194,170
2019-12-16 01:00:00,4.124,147
2019-12-17 01:00:00,4.103,158
2019-12-18 01:00:00,4.219,181
2019-12-19 01:00:00,3.927,269
2019-12-20 01:00:00,3.654,216
2019-12-21 01:00:00,3.736,196
2019-12-22 01:00:00,3.696,203
2019-12-23 01:00:00,3.758,203
2019-12-24 01:00:00,3.732,165
2019-12-25 01:00:00,3.772,166
2019-12-26 01:00:00,3.944,159
2019-12-27 01:00:00,3.923,168
2019-12-28 01:00:00,3.888,169
2019-12-29 01:00:00,3.858,168
2019-12-30 01:00:00,3.814,147
2019-12-31 01:00:00,3.951,164
2020-01-01 01:00:00,3.744,204
2020-01-02 01:00:00,3.806,187
2020-01-03 01:00:00,3.787,171
2020-01-04 01:00:00,3.769,156
2020-01-05 01:00:00,3.744,150
2020-01-06 01:00:00,3.56,142
2020-01-07 01:00:00,3.85,142
2020-01-08 01:00:00,3.887,134
2020-01-09 01:00:00,3.739,191
2020-01-10 01:00:00,3.806,178
2020-01-11 01:00:00,3.821,193
2020-01-12 01:00:00,3.989,182
2020-01-13 01:00:00,3.821,157
2020-01-14 01:00:00,3.762,159
2020-01-15 01:00:00,3.732,154
2020-01-16 01:00:00,3.744,174
2020-01-17 01:00:00,3.67,151
2020-01-18 01:00:00,3.65,171
2020-01-19 01:00:00,3.64,175
2020-01-20 01:00:00,3.75,150
2020-01-21 01:00:00,3.698,140
2020-01-22 01:00:00,3.679,149
2020-01-23 01:00:00,3.635,150
2020-01-24 01:00:00,3.496,201
2020-01-25 01:00:00,3.528,205
2020-01-26 01:00:00,3.607,181
2020-01-27 01:00:00,3.377,162
2020-01-28 01:00:00,3.454,131
2020-01-29 01:00:00,3.497,145
2020-01-30 01:00:00,3.496,166
2020-01-31 01:00:00,3.499,169
2020-02-01 01:00:00,3.646,206
2020-02-02 01:00:00,3.738,191
2020-02-03 01:00:00,3.591,178
2020-02-04 01:00:00,3.591,162
2020-02-05 01:00:00,3.613,166
2020-02-06 01:00:00,3.637,160
2020-02-07 01:00:00,3.579,201
2020-02-08 01:00:00,3.474,195
2020-02-09 01:00:00,3.436,219
2020-02-10 01:00:00,3.401,202
2020-02-11 01:00:00,3.377,180
2020-02-12 01:00:00,3.312,228
2020-02-13 01:00:00,3.331,191
2020-02-14 01:00:00,3.298,194
2020-02-15 01:00:00,3.4,224
2020-02-16 01:00:00,3.507,208
2020-02-17 01:00:00,3.457,184
2020-02-18 01:00:00,3.343,162
2020-02-19 01:00:00,3.272,152
2020-02-20 01:00:00,3.249,174
2020-02-21 01:00:00,3.185,187
2020-02-22 01:00:00,3.15,217
2020-02-23 01:00:00,3.157,209
2020-02-24 01:00:00,3.085,190
2020-02-25 01:00:00,2.996,222
2020-02-26 01:00:00,3.066,174
2020-02-27 01:00:00,2.999,209
2020-02-28 01:00:00,3.008,119
2020-02-29 01:00:00,2.947,278
2020-03-01 01:00:00,2.913,239
2020-03-02 01:00:00,2.809,256
2020-03-03 01:00:00,2.919,248
2020-03-04 01:00:00,2.871,217
2020-03-05 01:00:00,2.894,187
2020-03-06 01:00:00,2.92,228
2020-03-07 01:00:00,2.927,218
2020-03-08 01:00:00,2.9,202
2020-03-09 01:00:00,2.865,197
2020-03-10 01:00:00,2.859,193
2020-03-11 01:00:00,2.806,185
2020-03-12 01:00:00,2.825,213
2020-03-13 01:00:00,2.775,209
2020-03-14 01:00:00,2.752,271
2020-03-15 01:00:00,2.711,251
2020-03-16 01:00:00,2.754,225
2020-03-17 01:00:00,2.718,233
2020-03-18 01:00:00,2.747,255
2020-03-19 01:00:00,2.773,231
2020-03-20 01:00:00,2.743,254
2020-03-21 01:00:00,2.761,256
2020-03-22 01:00:00,2.661,229
2020-03-23 01:00:00,2.82,221
2020-03-24 01:00:00,2.802,241
2020-03-25 01:00:00,2.705,239
2020-03-26 01:00:00,2.69,246
2020-03-27 01:00:00,2.802,234
2020-03-28 01:00:00,2.747,281
2020-03-29 01:00:00,2.863,271
2020-03-30 01:00:00,2.746,266
2020-03-31 01:00:00,2.752,276
2020-04-01 01:00:00,2.935,282
2020-04-02 01:00:00,2.929,256
2020-04-03 01:00:00,2.922,272
2020-04-04 01:00:00,2.961,293
2020-04-05 01:00:00,2.973,277
2020-04-06 01:00:00,2.976,297
2020-04-07 01:00:00,2.968,315
2020-04-08 01:00:00,2.988,363
2020-04-09 01:00:00,3.025,362
2020-04-10 01:00:00,3.027,358
2020-04-11 01:00:00,3.08,334
2020-04-12 01:00:00,3.166,288
2020-04-13 01:00:00,3.176,280
2020-04-14 01:00:00,3.089,331
2020-04-15 01:00:00,3.164,290
2020-04-16 01:00:00,3.178,320
2020-04-17 01:00:00,3.064,355
2020-04-18 01:00:00,3.122,339
2020-04-19 01:00:00,3.129,346
2020-04-20 01:00:00,3.122,315
2020-04-21 01:00:00,3.147,304
2020-04-22 01:00:00,3.114,269
2020-04-23 01:00:00,3.053,303
2020-04-24 01:00:00,3.04,296
2020-04-25 01:00:00,3.037,310
2020-04-26 01:00:00,3.008,317
2020-04-27 01:00:00,3.048,323
2020-04-28 01:00:00,3.056,288
2020-04-29 01:00:00,3.048,269
2020-04-30 01:00:00,3.055,285
2020-05-01 01:00:00,3.068,341
2020-05-02 01:00:00,3.055,345
2020-05-03 01:00:00,3.095,297
2020-05-04 01:00:00,3.093,266
2020-05-05 01:00:00,3.112,269
2020-05-06 01:00:00,3.095,216
2020-05-07 01:00:00,3.084,269
2020-05-08 01:00:00,3.078,258
2020-05-09 01:00:00,3.066,325
2020-05-10 01:00:00,3.1,265
2020-05-11 01:00:00,3.036,290
2020-05-12 01:00:00,3.02,280
2020-05-13 01:00:00,3.07,342
2020-05-14 01:00:00,3.091,314
2020-05-15 01:00:00,3.121,324
2020-05-16 01:00:00,3.121,311
2020-05-17 01:00:00,3.117,284
2020-05-18 01:00:00,3.111,271
2020-05-19 01:00:00,3.094,249
2020-05-20 01:00:00,3.1,228
2020-05-21 01:00:00,3.052,221
2020-05-22 01:00:00,3.076,254
2020-05-23 01:00:00,3.043,234
2020-05-24 01:00:00,2.925,277
2020-05-25 01:00:00,2.657,555
2020-05-26 01:00:00,2.544,919
2020-05-27 01:00:00,2.745,377
2020-05-28 01:00:00,2.857,245
2020-05-29 01:00:00,2.987,292
2020-05-30 01:00:00,3.062,266
2020-05-31 01:00:00,3.085,244
2020-06-01 01:00:00,3.081,259
2020-06-02 01:00:00,3.129,267
2020-06-03 01:00:00,3.133,220
2020-06-04 01:00:00,3.14,221
2020-06-05 01:00:00,3.158,264
2020-06-06 01:00:00,3.273,218
2020-06-07 01:00:00,3.233,190
2020-06-08 01:00:00,3.277,220
2020-06-09 01:00:00,3.212,195
2020-06-10 01:00:00,3.187,211
2020-06-11 01:00:00,3.205,199
2020-06-12 01:00:00,3.119,213
2020-06-13 01:00:00,3.206,198
2020-06-14 01:00:00,3.226,194
2020-06-15 01:00:00,3.193,183
2020-06-16 01:00:00,3.18,175
2020-06-17 01:00:00,3.224,177
2020-06-18 01:00:00,3.188,195
2020-06-19 01:00:00,3.168,177
2020-06-20 01:00:00,3.225,222
2020-06-21 01:00:00,3.176,180
2020-06-22 01:00:00,3.095,182
2020-06-23 01:00:00,3.115,163
2020-06-24 01:00:00,3.047,329
2020-06-25 01:00:00,2.57,703
2020-06-26 01:00:00,2.705,414
2020-06-27 01:00:00,2.779,318
2020-06-28 01:00:00,2.805,298
2020-06-29 01:00:00,2.885,227
2020-06-30 01:00:00,2.916,226
2020-07-01 01:00:00,3.003,198
2020-07-02 01:00:00,3.009,191
2020-07-03 01:00:00,2.548,523
2020-07-04 01:00:00,2.687,260
2020-07-05 01:00:00,2.752,199
2020-07-06 01:00:00,2.816,187
2020-07-07 01:00:00,2.824,186
2020-07-08 01:00:00,2.828,192
2020-07-09 01:00:00,2.866,188
2020-07-10 01:00:00,2.852,199
2020-07-11 01:00:00,2.889,183
2020-07-12 01:00:00,2.961,194
2020-07-13 01:00:00,2.928,169
2020-07-14 01:00:00,2.97,207
2020-07-15 01:00:00,2.928,144
2020-07-16 01:00:00,2.868,153
2020-07-17 01:00:00,2.941,169
2020-07-18 01:00:00,2.984,177
2020-07-19 01:00:00,3.065,144
2020-07-20 01:00:00,2.979,153
2020-07-21 01:00:00,3.016,133
2020-07-22 01:00:00,3.11,125
2020-07-23 01:00:00,3.094,150
2020-07-24 01:00:00,3.16,157
2020-07-25 01:00:00,3.152,214
2020-07-26 01:00:00,3.182,175
2020-07-27 01:00:00,3.225,177
2020-07-28 01:00:00,3.194,161
2020-07-29 01:00:00,3.173,187
2020-07-30 01:00:00,3.157,164
2020-07-31 01:00:00,3.194,171
2020-08-01 01:00:00,3.251,187
2020-08-02 01:00:00,3.195,180
2020-08-03 01:00:00,3.19,158
2020-08-04 01:00:00,3.222,134
2020-08-05 01:00:00,3.268,148
2020-08-06 01:00:00,3.192,139
2020-08-07 01:00:00,3.276,153
2020-08-08 01:00:00,3.255,168
2020-08-09 01:00:00,3.258,137
2020-08-10 01:00:00,3.197,132
2020-08-11 01:00:00,3.19,131
2020-08-12 01:00:00,3.185,131
2020-08-13 01:00:00,3.244,135
2020-08-14 01:00:00,3.271,322
2020-08-15 01:00:00,3.461,544
2020-08-16 01:00:00,3.619,273
2020-08-17 01:00:00,3.634,230
2020-08-18 01:00:00,3.634,226
2020-08-19 01:00:00,3.612,215
2020-08-20 01:00:00,3.592,194
2020-08-21 01:00:00,3.55,212
2020-08-22 01:00:00,3.573,198
2020-08-23 01:00:00,3.555,207
2020-08-24 01:00:00,3.494,153
2020-08-25 01:00:00,3.479,181
2020-08-26 01:00:00,3.493,163
2020-08-27 01:00:00,3.473,163
2020-08-28 01:00:00,3.484,211
2020-08-29 01:00:00,3.488,215
2020-08-30 01:00:00,3.489,161
2020-08-31 01:00:00,3.381,195
2020-09-01 01:00:00,3.449,201
2020-09-02 01:00:00,3.378,502
2020-09-03 01:00:00,3.435,281
2020-09-04 01:00:00,3.488,273
2020-09-05 01:00:00,3.285,294
2020-09-06 01:00:00,3.373,237
2020-09-07 01:00:00,3.266,217
2020-09-08 01:00:00,3.278,217
2020-09-09 01:00:00,3.176,209
2020-09-10 01:00:00,3.188,236
2020-09-11 01:00:00,3.117,205
2020-09-12 01:00:00,3.148,245
2020-09-13 01:00:00,3.264,220
2020-09-14 01:00:00,3.215,203
2020-09-15 01:00:00,3.266,181
2020-09-16 01:00:00,3.265,198
2020-09-17 01:00:00,3.028,341
2020-09-18 01:00:00,3.139,240
2020-09-19 01:00:00,3.173,256
2020-09-20 01:00:00,3.172,217
2020-09-21 01:00:00,3.138,227
2020-09-22 01:00:00,3.129,199
2020-09-23 01:00:00,3.065,198
2020-09-24 01:00:00,3.044,186
2020-09-25 01:00:00,3.039,212
2020-09-26 01:00:00,3.067,216
2020-09-27 01:00:00,3.035,202
2020-09-28 01:00:00,2.968,199
2020-09-29 01:00:00,2.975,180
2020-09-30 01:00:00,2.836,159
2020-10-01 01:00:00,2.991,182
2020-10-02 01:00:00,3.005,184
2020-10-03 01:00:00,3.039,204
2020-10-04 01:00:00,2.996,191
2020-10-05 01:00:00,3.035,166
2020-10-06 01:00:00,2.816,202
2020-10-07 01:00:00,2.969,204
2020-10-08 01:00:00,2.884,198
2020-10-09 01:00:00,2.818,196
2020-10-10 01:00:00,2.929,194
2020-10-11 01:00:00,2.842,192
2020-10-12 01:00:00,2.898,179
2020-10-13 01:00:00,2.918,174
2020-10-14 01:00:00,2.918,201
2020-10-15 01:00:00,2.861,181
2020-10-16 01:00:00,2.861,207
2020-10-17 01:00:00,2.852,200
2020-10-18 01:00:00,2.874,222
2020-10-19 01:00:00,2.719,227
2020-10-20 01:00:00,2.828,197
2020-10-21 01:00:00,2.643,220
2020-10-22 01:00:00,2.696,212
2020-10-23 01:00:00,2.67,223
2020-10-24 01:00:00,2.854,191
2020-10-25 01:00:00,2.771,226
2020-10-26 01:00:00,2.814,191
2020-10-27 01:00:00,2.729,255
2020-10-28 01:00:00,2.762,203
2020-10-29 01:00:00,2.702,213
2020-10-30 01:00:00,2.758,346
2020-10-31 01:00:00,2.946,383
2020-11-01 01:00:00,3.004,320
2020-11-02 01:00:00,3.054,316
2020-11-03 01:00:00,3.027,306
2020-11-04 01:00:00,3.122,288
2020-11-05 01:00:00,3.237,300
2020-11-06 01:00:00,3.342,371
2020-11-07 01:00:00,3.383,366
2020-11-08 01:00:00,3.288,311
2020-11-09 01:00:00,3.316,252
2020-11-10 01:00:00,3.311,247
2020-11-11 01:00:00,3.213,223
2020-11-12 01:00:00,3.155,199
2020-11-13 01:00:00,3.156,288
2020-11-14 01:00:00,3.113,276
2020-11-15 01:00:00,2.911,298
2020-11-16 01:00:00,3.019,227
2020-11-17 01:00:00,3.025,209
2020-11-18 01:00:00,3.019,271
2020-11-19 01:00:00,2.889,229
2020-11-20 01:00:00,2.904,227
2020-11-21 01:00:00,2.92,261
2020-11-22 01:00:00,2.755,243
2020-11-23 01:00:00,2.832,234
2020-11-24 01:00:00,2.717,203
2020-11-25 01:00:00,2.732,202
2020-11-26 01:00:00,2.488,272
2020-11-27 01:00:00,2.508,287
2020-11-28 01:00:00,2.574,256
2020-11-29 01:00:00,2.504,234
2020-11-30 01:00:00,2.506,256
2020-12-01 01:00:00,2.383,254
2020-12-02 01:00:00,2.471,249
2020-12-03 01:00:00,2.477,221
2020-12-04 01:00:00,2.334,271
2020-12-05 01:00:00,2.354,262
2020-12-06 01:00:00,2.327,240
2020-12-07 01:00:00,2.324,241
2020-12-08 01:00:00,2.299,200
2020-12-09 01:00:00,2.218,236
2020-12-10 01:00:00,2.129,304
2020-12-11 01:00:00,2.145,230
2020-12-12 01:00:00,2.18,316
2020-12-13 01:00:00,2.257,258
2020-12-14 01:00:00,2.215,221
2020-12-15 01:00:00,2.174,247
2020-12-16 01:00:00,2.183,227
2020-12-17 01:00:00,2.167,228
2020-12-18 01:00:00,2.214,252
2020-12-19 01:00:00,2.284,251
2020-12-20 01:00:00,2.32,309
2020-12-21 01:00:00,2.344,265
2020-12-22 01:00:00,2.342,275
2020-12-23 01:00:00,2.295,283
2020-12-24 01:00:00,2.389,278
2020-12-25 01:00:00,2.387,287
2020-12-26 01:00:00,2.428,273
2020-12-27 01:00:00,2.409,260
2020-12-28 01:00:00,2.403,267
2020-12-29 01:00:00,2.423,241
2020-12-30 01:00:00,2.44,278
2020-12-31 01:00:00,2.438,218
2021-01-01 01:00:00,2.368,246
2021-01-02 01:00:00,2.425,272
2021-01-03 01:00:00,2.369,273
2021-01-04 01:00:00,2.434,270
2021-01-05 01:00:00,2.368,245
2021-01-06 01:00:00,2.367,246
2021-01-07 01:00:00,2.4,214
2021-01-08 01:00:00,2.461,212
2021-01-09 01:00:00,2.408,267
2021-01-10 01:00:00,2.425,238
2021-01-11 01:00:00,2.457,226
2021-01-12 01:00:00,2.455,226
2021-01-13 01:00:00,2.492,200
2021-01-14 01:00:00,2.588,207
2021-01-15 01:00:00,2.588,205
2021-01-16 01:00:00,2.571,222
2021-01-17 01:00:00,2.644,205
2021-01-18 01:00:00,2.65,199
2021-01-19 01:00:00,2.567,181
2021-01-20 01:00:00,2.63,177
2021-01-21 01:00:00,2.463,200
2021-01-22 01:00:00,2.598,197
2021-01-23 01:00:00,2.546,214
2021-01-24 01:00:00,2.58,234
2021-01-25 01:00:00,2.539,176
2021-01-26 01:00:00,2.564,197
2021-01-27 01:00:00,2.572,175
2021-01-28 01:00:00,2.493,176
2021-01-29 01:00:00,2.516,178
2021-01-30 01:00:00,2.461,228
2021-01-31 01:00:00,2.468,211
2021-02-01 01:00:00,2.44,172
2021-02-02 01:00:00,2.413,194
2021-02-03 01:00:00,2.376,187
2021-02-04 01:00:00,2.385,157
2021-02-05 01:00:00,2.389,206
2021-02-06 01:00:00,2.408,214
2021-02-07 01:00:00,2.445,206
2021-02-08 01:00:00,2.425,172
2021-02-09 01:00:00,2.462,162
2021-02-10 01:00:00,2.491,182
2021-02-11 01:00:00,2.428,192
2021-02-12 01:00:00,2.328,206
2021-02-13 01:00:00,2.381,221
2021-02-14 01:00:00,2.353,186
2021-02-15 01:00:00,2.361,154
2021-02-16 01:00:00,2.255,159
2021-02-17 01:00:00,2.347,173
2021-02-18 01:00:00,2.339,197
2021-02-19 01:00:00,2.395,156
2021-02-20 01:00:00,2.312,199
2021-02-21 01:00:00,2.306,175
2021-02-22 01:00:00,2.327,183
2021-02-23 01:00:00,2.188,178
2021-02-24 01:00:00,2.272,198
2021-02-25 01:00:00,2.342,165
2021-02-26 01:00:00,2.338,215
2021-02-27 01:00:00,2.27,208
2021-02-28 01:00:00,2.292,210
2021-03-01 01:00:00,2.288,191
2021-03-02 01:00:00,2.381,190
2021-03-03 01:00:00,2.316,176
2021-03-04 01:00:00,2.366,162
2021-03-05 01:00:00,2.36,167
2021-03-06 01:00:00,2.363,217
2021-03-07 01:00:00,2.414,199
2021-03-08 01:00:00,2.441,188
2021-03-09 01:00:00,2.288,167
2021-03-10 01:00:00,2.328,163
2021-03-11 01:00:00,2.278,217
2021-03-12 01:00:00,2.263,176
2021-03-13 01:00:00,2.278,228
2021-03-14 01:00:00,2.283,220
2021-03-15 01:00:00,2.148,229
2021-03-16 01:00:00,2.151,242
2021-03-17 01:00:00,2.147,185
2021-03-18 01:00:00,2.209,204
2021-03-19 01:00:00,2.247,195
2021-03-20 01:00:00,2.246,211
2021-03-21 01:00:00,2.207,196
2021-03-22 01:00:00,2.183,166
2021-03-23 01:00:00,2.281,179
2021-03-24 01:00:00,2.271,174
2021-03-25 01:00:00,2.288,182
2021-03-26 01:00:00,2.266,219
2021-03-27 01:00:00,2.261,223
2021-03-28 01:00:00,2.235,221
2021-03-29 01:00:00,2.177,197
2021-03-30 01:00:00,2.243,176
2021-03-31 01:00:00,2.241,170
2021-04-01 01:00:00,2.284,232
2021-04-02 01:00:00,2.298,236
2021-04-03 01:00:00,2.331,201
2021-04-04 01:00:00,2.336,182
2021-04-05 01:00:00,2.385,190
2021-04-06 01:00:00,2.407,230
2021-04-07 01:00:00,2.275,184
2021-04-08 01:00:00,2.286,188
2021-04-09 01:00:00,2.181,213
2021-04-10 01:00:00,2.329,227
2021-04-11 01:00:00,2.371,194
2021-04-12 01:00:00,2.31,201
2021-04-13 01:00:00,2.315,178
2021-04-14 01:00:00,2.371,195
2021-04-15 01:00:00,2.37,231
2021-04-16 01:00:00,2.352,185
2021-04-17 01:00:00,2.381,223
2021-04-18 01:00:00,2.313,173
2021-04-19 01:00:00,2.403,179
2021-04-20 01:00:00,2.404,163
2021-04-21 01:00:00,2.339,170
2021-04-22 01:00:00,2.368,190
2021-04-23 01:00:00,2.419,187
2021-04-24 01:00:00,2.479,181
2021-04-25 01:00:00,2.455,161
2021-04-26 01:00:00,2.432,162
2021-04-27 01:00:00,2.458,155
2021-04-28 01:00:00,2.539,162
2021-04-29 01:00:00,2.473,170
2021-04-30 01:00:00,2.465,166
2021-05-01 01:00:00,2.544,196
2021-05-02 01:00:00,2.572,181
2021-05-03 01:00:00,2.522,196
2021-05-04 01:00:00,2.518,176
2021-05-05 01:00:00,2.481,176
2021-05-06 01:00:00,2.535,175
2021-05-07 01:00:00,2.569,182
2021-05-08 01:00:00,2.601,185
2021-05-09 01:00:00,2.662,199
2021-05-10 01:00:00,2.778,204
2021-05-11 01:00:00,2.823,216
2021-05-12 01:00:00,2.784,189
2021-05-13 01:00:00,2.832,191
2021-05-14 01:00:00,2.848,177
2021-05-15 01:00:00,2.879,195
2021-05-16 01:00:00,2.976,202
2021-05-17 01:00:00,3.063,143
2021-05-18 01:00:00,3.018,168
2021-05-19 01:00:00,3.061,162
2021-05-20 01:00:00,2.979,167
2021-05-21 01:00:00,3.054,161
2021-05-22 01:00:00,3.082,172
2021-05-23 01:00:00,3.056,168
2021-05-24 01:00:00,2.993,189
2021-05-25 01:00:00,3.051,164
2021-05-26 01:00:00,3.089,192
2021-05-27 01:00:00,3.031,144
2021-05-28 01:00:00,2.993,183
2021-05-29 01:00:00,3.082,211
2021-05-30 01:00:00,3.024,149
2021-05-31 01:00:00,3.04,159
2021-06-01 01:00:00,3.073,165
2021-06-02 01:00:00,3.098,143
2021-06-03 01:00:00,3.171,171
2021-06-04 01:00:00,3.078,171
2021-06-05 01:00:00,3.112,186
2021-06-06 01:00:00,3.071,159
2021-06-07 01:00:00,3.076,196
2021-06-08 01:00:00,3.07,176
2021-06-09 01:00:00,3.073,186
2021-06-10 01:00:00,2.993,199
2021-06-11 01:00:00,3.115,183
2021-06-12 01:00:00,3.03,194
2021-06-13 01:00:00,3.1,191
2021-06-14 01:00:00,3.045,165
2021-06-15 01:00:00,3.147,152
2021-06-16 01:00:00,3.12,162
2021-06-17 01:00:00,3.055,142
2021-06-18 01:00:00,3.095,168
2021-06-19 01:00:00,3.196,179
2021-06-20 01:00:00,3.083,168
2021-06-21 01:00:00,3.097,192
2021-06-22 01:00:00,3.11,171
2021-06-23 01:00:00,3.002,192
2021-06-24 01:00:00,2.217,732
2021-06-25 01:00:00,2.274,294
2021-06-26 01:00:00,2.405,228
2021-06-27 01:00:00,2.525,219
2021-06-28 01:00:00,2.602,190
2021-06-29 01:00:00,2.645,173
2021-06-30 01:00:00,2.646,180
2021-07-01 01:00:00,2.667,174
2021-07-02 01:00:00,2.724,184
2021-07-03 01:00:00,2.755,170
2021-07-04 01:00:00,2.809,167
2021-07-05 01:00:00,2.706,168
2021-07-06 01:00:00,2.694,179
2021-07-07 01:00:00,2.817,186
2021-07-08 01:00:00,2.791,186
2021-07-09 01:00:00,2.807,158
2021-07-10 01:00:00,2.863,156
2021-07-11 01:00:00,2.917,155
2021-07-12 01:00:00,2.86,152
2021-07-13 01:00:00,2.848,137
2021-07-14 01:00:00,2.859,163
2021-07-15 01:00:00,2.802,164
2021-07-16 01:00:00,2.823,168
2021-07-17 01:00:00,2.908,178
2021-07-18 01:00:00,2.876,165
2021-07-19 01:00:00,2.839,172
2021-07-20 01:00:00,2.817,150
2021-07-21 01:00:00,2.811,154
2021-07-22 01:00:00,2.823,146
2021-07-23 01:00:00,2.592,276
2021-07-24 01:00:00,2.745,169
2021-07-25 01:00:00,2.647,161
2021-07-26 01:00:00,2.764,159
2021-07-27 01:00:00,2.849,100
2021-07-28 01:00:00,2.712,138
2021-07-29 01:00:00,2.795,170
2021-07-30 01:00:00,2.773,144
2021-07-31 01:00:00,2.772,155
2021-08-01 01:00:00,2.786,152
2021-08-02 01:00:00,2.765,155
2021-08-03 01:00:00,2.763,142
2021-08-04 01:00:00,2.728,141
2021-08-05 01:00:00,2.675,137
2021-08-06 01:00:00,2.516,379
2021-08-07 01:00:00,2.546,225
2021-08-08 01:00:00,2.606,193
2021-08-09 01:00:00,2.624,197
2021-08-10 01:00:00,2.66,206
2021-08-11 01:00:00,2.549,181
2021-08-12 01:00:00,2.669,159
2021-08-13 01:00:00,2.698,182
2021-08-14 01:00:00,2.616,175
2021-08-15 01:00:00,2.667,177
2021-08-16 01:00:00,2.604,194
2021-08-17 01:00:00,2.524,183
2021-08-18 01:00:00,2.511,184
2021-08-19 01:00:00,2.624,181
2021-08-20 01:00:00,2.643,185
2021-08-21 01:00:00,2.632,164
2021-08-22 01:00:00,2.643,216
2021-08-23 01:00:00,2.628,191
2021-08-24 01:00:00,2.668,180
2021-08-25 01:00:00,2.682,174
2021-08-26 01:00:00,2.723,135
2021-08-27 01:00:00,2.688,203
2021-08-28 01:00:00,2.696,202
2021-08-29 01:00:00,2.741,203
2021-08-30 01:00:00,2.665,155
2021-08-31 01:00:00,2.761,180
2021-09-01 01:00:00,2.75,148
2021-09-02 01:00:00,2.672,146
2021-09-03 01:00:00,2.776,154
2021-09-04 01:00:00,2.755,153
2021-09-05 01:00:00,2.802,177
2021-09-06 01:00:00,2.783,164
2021-09-07 01:00:00,2.812,144
2021-09-08 01:00:00,2.775,145
2021-09-09 01:00:00,2.76,146
2021-09-10 01:00:00,2.739,157
2021-09-11 01:00:00,2.801,205
2021-09-12 01:00:00,2.778,197
2021-09-13 01:00:00,2.82,177
2021-09-14 01:00:00,2.76,201
2021-09-15 01:00:00,2.778,171
2021-09-16 01:00:00,2.763,188
2021-09-17 01:00:00,2.656,216
2021-09-18 01:00:00,2.696,222
2021-09-19 01:00:00,2.782,198
2021-09-20 01:00:00,2.759,197
2021-09-21 01:00:00,2.771,178
2021-09-22 01:00:00,2.591,206
2021-09-23 01:00:00,2.601,199
2021-09-24 01:00:00,2.608,223
2021-09-25 01:00:00,2.72,218
2021-09-26 01:00:00,2.743,227
2021-09-27 01:00:00,2.774,194
2021-09-28 01:00:00,2.729,191
2021-09-29 01:00:00,2.735,207
2021-09-30 01:00:00,2.727,203
2021-10-01 01:00:00,2.801,212
2021-10-02 01:00:00,2.725,271
2021-10-03 01:00:00,2.76,225
2021-10-04 01:00:00,2.753,178
2021-10-05 01:00:00,2.733,179
2021-10-06 01:00:00,2.728,199
2021-10-07 01:00:00,2.693,257
2021-10-08 01:00:00,2.847,221
2021-10-09 01:00:00,3.006,258
2021-10-10 01:00:00,3.072,235
2021-10-11 01:00:00,3.211,217
2021-10-12 01:00:00,3.266,228
2021-10-13 01:00:00,3.31,259
2021-10-14 01:00:00,3.501,297
2021-10-15 01:00:00,3.835,288
2021-10-16 01:00:00,4.112,265
2021-10-17 01:00:00,3.937,313
2021-10-18 01:00:00,3.36,486
2021-10-19 01:00:00,3.683,353
2021-10-20 01:00:00,3.939,285
2021-10-21 01:00:00,4.047,305
2021-10-22 01:00:00,3.869,315
2021-10-23 01:00:00,4.192,271
2021-10-24 01:00:00,4.257,242
2021-10-25 01:00:00,4.069,255
2021-10-26 01:00:00,4.168,257
2021-10-27 01:00:00,4.146,210
2021-10-28 01:00:00,4.228,214
2021-10-29 01:00:00,3.833,237
2021-10-30 01:00:00,3.904,245
2021-10-31 01:00:00,3.837,215
2021-11-01 01:00:00,3.802,233
2021-11-02 01:00:00,3.844,212
2021-11-03 01:00:00,3.68,216
2021-11-04 01:00:00,3.735,217
2021-11-05 01:00:00,3.78,211
2021-11-06 01:00:00,3.822,220
2021-11-07 01:00:00,3.801,182
2021-11-08 01:00:00,3.745,186
2021-11-09 01:00:00,3.693,205
2021-11-10 01:00:00,3.573,191
2021-11-11 01:00:00,3.616,183
2021-11-12 01:00:00,3.619,171
2021-11-13 01:00:00,3.717,201
2021-11-14 01:00:00,3.688,179
2021-11-15 01:00:00,3.636,178
2021-11-16 01:00:00,3.714,153
2021-11-17 01:00:00,3.645,145
2021-11-18 01:00:00,3.522,144
2021-11-19 01:00:00,3.516,180
2021-11-20 01:00:00,3.557,187
2021-11-21 01:00:00,3.543,200
2021-11-22 01:00:00,3.475,174
2021-11-23 01:00:00,3.391,160
2021-11-24 01:00:00,3.241,193
2021-11-25 01:00:00,3.136,215
2021-11-26 01:00:00,3.12,180
2021-11-27 01:00:00,3.061,192
2021-11-28 01:00:00,3.12,180
2021-11-29 01:00:00,3.08,171
2021-11-30 01:00:00,3.145,191
2021-12-01 01:00:00,3.197,186
2021-12-02 01:00:00,3.207,161
2021-12-03 01:00:00,3.252,176
2021-12-04 01:00:00,3.258,181
2021-12-05 01:00:00,3.246,165
2021-12-06 01:00:00,3.259,133
2021-12-07 01:00:00,3.235,139
2021-12-08 01:00:00,3.132,160
2021-12-09 01:00:00,3.389,166
2021-12-10 01:00:00,3.284,150
2021-12-11 01:00:00,3.359,193
2021-12-12 01:00:00,3.396,171
2021-12-13 01:00:00,3.358,151
2021-12-14 01:00:00,3.298,152
2021-12-15 01:00:00,2.677,550
2021-12-16 01:00:00,2.596,225
2021-12-17 01:00:00,2.819,170
2021-12-18 01:00:00,2.816,157
2021-12-19 01:00:00,2.976,162
2021-12-20 01:00:00,3.028,146
2021-12-21 01:00:00,3.005,137
2021-12-22 01:00:00,3.006,142
2021-12-23 01:00:00,3.075,154
2021-12-24 01:00:00,3.042,179
2021-12-25 01:00:00,3.078,163
2021-12-26 01:00:00,3.09,163
2021-12-27 01:00:00,2.96,146
2021-12-28 01:00:00,3.104,171
2021-12-29 01:00:00,3.162,163
2021-12-30 01:00:00,3.156,184
2021-12-31 01:00:00,3.283,168
2022-01-01 01:00:00,3.31,196
2022-01-02 01:00:00,3.204,196
2022-01-03 01:00:00,3.218,179
2022-01-04 01:00:00,3.26,171
2022-01-05 01:00:00,3.16,149
2022-01-06 01:00:00,3.214,145
2022-01-07 01:00:00,3.294,141
2022-01-08 01:00:00,3.152,162
2022-01-09 01:00:00,3.421,150
2022-01-10 01:00:00,3.38,179
2022-01-11 01:00:00,3.419,145
2022-01-12 01:00:00,3.49,168
2022-01-13 01:00:00,3.488,143
2022-01-14 01:00:00,3.542,140
2022-01-15 01:00:00,3.564,177
2022-01-16 01:00:00,3.456,151
2022-01-17 01:00:00,3.472,133
2022-01-18 01:00:00,3.45,156
2022-01-19 01:00:00,2.864,312
2022-01-20 01:00:00,2.856,166
2022-01-21 01:00:00,3.125,193
2022-01-22 01:00:00,3.03,160
2022-01-23 01:00:00,3.124,154
2022-01-24 01:00:00,3.152,172
2022-01-25 01:00:00,3.018,133
2022-01-26 01:00:00,3.038,142
2022-01-27 01:00:00,3.204,138
2022-01-28 01:00:00,3.137,144
2022-01-29 01:00:00,2.989,162
2022-01-30 01:00:00,3.076,150
2022-01-31 01:00:00,3.0,145
2022-02-01 01:00:00,3.045,142
2022-02-02 01:00:00,2.976,138
2022-02-03 01:00:00,3.0,154
2022-02-04 01:00:00,2.775,259
2022-02-05 01:00:00,2.818,174
2022-02-06 01:00:00,2.882,162
2022-02-07 01:00:00,2.897,166
2022-02-08 01:00:00,2.872,164
2022-02-09 01:00:00,2.877,189
2022-02-10 01:00:00,2.999,174
2022-02-11 01:00:00,3.047,160
2022-02-12 01:00:00,3.105,145
2022-02-13 01:00:00,3.069,163
2022-02-14 01:00:00,3.071,159
2022-02-15 01:00:00,3.064,142
2022-02-16 01:00:00,2.971,138
2022-02-17 01:00:00,3.024,146
2022-02-18 01:00:00,3.112,159
2022-02-19 01:00:00,3.077,161
2022-02-20 01:00:00,3.051,168
2022-02-21 01:00:00,3.103,142
2022-02-22 01:00:00,3.04,181
2022-02-23 01:00:00,2.995,195
2022-02-24 01:00:00,3.064,192
2022-02-25 01:00:00,3.153,171
2022-02-26 01:00:00,3.224,185
2022-02-27 01:00:00,3.319,189
2022-02-28 01:00:00,3.353,187
2022-03-01 01:00:00,3.17,162
2022-03-02 01:00:00,3.237,166
2022-03-03 01:00:00,3.261,147
2022-03-04 01:00:00,3.19,163
2022-03-05 01:00:00,3.314,158
2022-03-06 01:00:00,3.36,159
2022-03-07 01:00:00,3.335,170
2022-03-08 01:00:00,3.172,174
2022-03-09 01:00:00,3.032,163
2022-03-10 01:00:00,3.116,151
2022-03-11 01:00:00,3.367,131
2022-03-12 01:00:00,3.228,170
2022-03-13 01:00:00,3.306,152
2022-03-14 01:00:00,3.114,158
2022-03-15 01:00:00,3.233,176
2022-03-16 01:00:00,3.216,136
2022-03-17 01:00:00,3.275,166
2022-03-18 01:00:00,3.289,152
2022-03-19 01:00:00,3.43,167
2022-03-20 01:00:00,3.405,153
2022-03-21 01:00:00,3.276,137
2022-03-22 01:00:00,3.266,148
2022-03-23 01:00:00,3.22,155
2022-03-24 01:00:00,3.296,147
2022-03-25 01:00:00,3.312,154
2022-03-26 01:00:00,3.455,172
2022-03-27 01:00:00,3.488,153
2022-03-28 01:00:00,3.431,147
2022-03-29 01:00:00,3.339,154
2022-03-30 01:00:00,3.326,153
2022-03-31 01:00:00,3.533,182
2022-04-01 01:00:00,3.494,166
2022-04-02 01:00:00,3.61,179
2022-04-03 01:00:00,3.558,155
2022-04-04 01:00:00,3.629,146
2022-04-05 01:00:00,3.47,138
2022-04-06 01:00:00,3.631,140
2022-04-07 01:00:00,3.593,140
2022-04-08 01:00:00,3.633,141
2022-04-09 01:00:00,3.584,161
2022-04-10 01:00:00,3.702,168
2022-04-11 01:00:00,3.725,113
2022-04-12 01:00:00,3.764,143
2022-04-13 01:00:00,3.598,136
2022-04-14 01:00:00,3.712,138
2022-04-15 01:00:00,3.547,137
2022-04-16 01:00:00,3.729,149
2022-04-17 01:00:00,3.788,170
2022-04-18 01:00:00,3.712,147
2022-04-19 01:00:00,3.805,125
2022-04-20 01:00:00,3.86,147
2022-04-21 01:00:00,3.789,137
2022-04-22 01:00:00,3.76,166
2022-04-23 01:00:00,3.94,158
2022-04-24 01:00:00,3.902,123
2022-04-25 01:00:00,3.762,130
2022-04-26 01:00:00,3.829,128
2022-04-27 01:00:00,3.53,148
2022-04-28 01:00:00,3.66,136
2022-04-29 01:00:00,3.536,144
2022-04-30 01:00:00,3.756,161
2022-05-01 01:00:00,3.809,155
2022-05-02 01:00:00,3.682,165
2022-05-03 01:00:00,3.595,124
2022-05-04 01:00:00,3.61,151
2022-05-05 01:00:00,3.502,143
2022-05-06 01:00:00,3.606,162
2022-05-07 01:00:00,3.648,153
2022-05-08 01:00:00,3.789,148
2022-05-09 01:00:00,3.705,129
2022-05-10 01:00:00,3.695,149
2022-05-11 01:00:00,3.595,181
2022-05-12 01:00:00,3.616,165
2022-05-13 01:00:00,3.543,153
2022-05-14 01:00:00,3.638,171
2022-05-15 01:00:00,3.553,154
2022-05-16 01:00:00,3.35,146
2022-05-17 01:00:00,3.491,155
2022-05-18 01:00:00,3.539,156
2022-05-19 01:00:00,3.675,158
2022-05-20 01:00:00,3.662,177
2022-05-21 01:00:00,3.706,180
2022-05-22 01:00:00,3.648,181
2022-05-23 01:00:00,3.461,164
2022-05-24 01:00:00,3.592,154
2022-05-25 01:00:00,3.596,158
2022-05-26 01:00:00,3.618,178
2022-05-27 01:00:00,3.498,141
2022-05-28 01:00:00,3.515,150
2022-05-29 01:00:00,3.392,162
2022-05-30 01:00:00,3.538,140
2022-05-31 01:00:00,3.456,140
2022-06-01 01:00:00,3.391,139
2022-06-02 01:00:00,3.414,145
2022-06-03 01:00:00,3.509,150
2022-06-04 01:00:00,3.391,164
2022-06-05 01:00:00,3.487,162
2022-06-06 01:00:00,3.441,129
2022-06-07 01:00:00,3.426,156
2022-06-08 01:00:00,3.281,147
2022-06-09 01:00:00,3.528,273
2022-06-10 01:00:00,3.728,175
2022-06-11 01:00:00,3.55,193
2022-06-12 01:00:00,3.738,170
2022-06-13 01:00:00,3.625,191
2022-06-14 01:00:00,3.686,165
2022-06-15 01:00:00,3.56,168
2022-06-16 01:00:00,3.511,144
2022-06-17 01:00:00,3.531,211
2022-06-18 01:00:00,3.608,180
2022-06-19 01:00:00,3.548,157
2022-06-20 01:00:00,3.471,152
2022-06-21 01:00:00,3.497,156
2022-06-22 01:00:00,3.334,236
2022-06-23 01:00:00,3.391,176
2022-06-24 01:00:00,3.188,257
2022-06-25 01:00:00,3.265,225
2022-06-26 01:00:00,3.221,193
2022-06-27 01:00:00,3.178,162
2022-06-28 01:00:00,3.265,185
2022-06-29 01:00:00,3.14,172
2022-06-30 01:00:00,3.256,159
2022-07-01 01:00:00,3.272,128
2022-07-02 01:00:00,3.344,165
2022-07-03 01:00:00,3.268,147
2022-07-04 01:00:00,3.287,155
2022-07-05 01:00:00,3.136,205
2022-07-06 01:00:00,3.011,146
2022-07-07 01:00:00,3.128,151
2022-07-08 01:00:00,3.09,129
2022-07-09 01:00:00,3.192,170
2022-07-10 01:00:00,3.232,142
2022-07-11 01:00:00,3.226,126
2022-07-12 01:00:00,3.233,150
2022-07-13 01:00:00,3.207,114
2022-07-14 01:00:00,3.227,157
2022-07-15 01:00:00,3.261,165
2022-07-16 01:00:00,3.333,175
2022-07-17 01:00:00,3.387,178
2022-07-18 01:00:00,3.273,140
2022-07-19 01:00:00,3.3,159
2022-07-20 01:00:00,3.53,105
2022-07-21 01:00:00,3.141,142
2022-07-22 01:00:00,3.254,142
2022-07-23 01:00:00,3.474,144
2022-07-24 01:00:00,3.382,170
2022-07-25 01:00:00,3.433,160
2022-07-26 01:00:00,3.446,134
2022-07-27 01:00:00,3.307,136
2022-07-28 01:00:00,3.39,117
2022-07-29 01:00:00,3.423,129
2022-07-30 01:00:00,3.391,142
2022-07-31 01:00:00,3.391,144
2022-08-01 01:00:00,3.375,139
2022-08-02 01:00:00,3.381,126
2022-08-03 01:00:00,3.289,154
2022-08-04 01:00:00,3.341,141
2022-08-05 01:00:00,3.456,153
2022-08-06 01:00:00,3.509,168
2022-08-07 01:00:00,3.393,160
2022-08-08 01:00:00,3.419,154
2022-08-09 01:00:00,3.475,163
2022-08-10 01:00:00,3.417,161
2022-08-11 01:00:00,3.436,140
2022-08-12 01:00:00,3.104,163
2022-08-13 01:00:00,3.298,164
2022-08-14 01:00:00,3.397,163
2022-08-15 01:00:00,3.166,161
2022-08-16 01:00:00,3.344,176
2022-08-17 01:00:00,3.334,159
2022-08-18 01:00:00,3.394,156
2022-08-19 01:00:00,3.502,178
2022-08-20 01:00:00,3.294,177
2022-08-21 01:00:00,3.414,159
2022-08-22 01:00:00,3.441,148
2022-08-23 01:00:00,3.211,136
2022-08-24 01:00:00,3.232,167
2022-08-25 01:00:00,3.311,178
2022-08-26 01:00:00,3.27,153
2022-08-27 01:00:00,3.37,172
2022-08-28 01:00:00,3.372,180
2022-08-29 01:00:00,3.255,168
2022-08-30 01:00:00,3.263,170
2022-08-31 01:00:00,3.027,157
2022-09-01 01:00:00,3.106,449
2022-09-02 01:00:00,2.741,654
2022-09-03 01:00:00,2.866,320
2022-09-04 01:00:00,2.986,214
2022-09-05 01:00:00,2.957,189
2022-09-06 01:00:00,2.996,191
2022-09-07 01:00:00,2.973,194
2022-09-08 01:00:00,3.056,173
2022-09-09 01:00:00,3.167,189
2022-09-10 01:00:00,3.193,208
2022-09-11 01:00:00,3.282,192
2022-09-12 01:00:00,3.301,156
2022-09-13 01:00:00,3.277,159
2022-09-14 01:00:00,3.361,129
2022-09-15 01:00:00,3.291,152
2022-09-16 01:00:00,3.258,162
2022-09-17 01:00:00,3.266,174
2022-09-18 01:00:00,3.269,184
2022-09-19 01:00:00,3.218,161
2022-09-20 01:00:00,3.194,155
2022-09-21 01:00:00,3.181,172
2022-09-22 01:00:00,3.141,155
2022-09-23 01:00:00,3.16,176
2022-09-24 01:00:00,3.24,171
2022-09-25 01:00:00,3.233,190
2022-09-26 01:00:00,3.312,171
2022-09-27 01:00:00,3.259,154
2022-09-28 01:00:00,3.237,155
2022-09-29 01:00:00,3.272,163
2022-09-30 01:00:00,3.195,156
2022-10-01 01:00:00,3.211,196
2022-10-02 01:00:00,3.128,172
2022-10-03 01:00:00,3.303,153
2022-10-04 01:00:00,3.322,137
2022-10-05 01:00:00,3.28,163
2022-10-06 01:00:00,3.248,153
2022-10-07 01:00:00,3.256,171
2022-10-08 01:00:00,3.243,212
2022-10-09 01:00:00,3.242,213
2022-10-10 01:00:00,3.384,187
2022-10-11 01:00:00,3.437,187
2022-10-12 01:00:00,3.225,150
2022-10-13 01:00:00,3.073,360
2022-10-14 01:00:00,3.12,159
2022-10-15 01:00:00,3.247,259
2022-10-16 01:00:00,3.242,229
2022-10-17 01:00:00,3.28,180
2022-10-18 01:00:00,3.282,181
2022-10-19 01:00:00,3.097,187
2022-10-20 01:00:00,3.289,158
2022-10-21 01:00:00,3.292,206
2022-10-22 01:00:00,3.294,202
2022-10-23 01:00:00,3.352,208
2022-10-24 01:00:00,3.22,190
2022-10-25 01:00:00,3.263,213
2022-10-26 01:00:00,3.275,177
2022-10-27 01:00:00,3.19,296
2022-10-28 01:00:00,3.324,249
2022-10-29 01:00:00,3.282,261
2022-10-30 01:00:00,3.453,266
2022-10-31 01:00:00,3.53,236
2022-11-01 01:00:00,3.606,198
2022-11-02 01:00:00,3.715,181
2022-11-03 01:00:00,3.669,196
2022-11-04 01:00:00,3.655,131
2022-11-05 01:00:00,3.757,300
2022-11-06 01:00:00,3.676,227
2022-11-07 01:00:00,3.69,229
2022-11-08 01:00:00,3.664,255
2022-11-09 01:00:00,3.597,249
2022-11-10 01:00:00,3.652,224
2022-11-11 01:00:00,3.748,205
2022-11-12 01:00:00,3.79,217
2022-11-13 01:00:00,3.854,199
2022-11-14 01:00:00,3.913,152
2022-11-15 01:00:00,4.014,137
2022-11-16 01:00:00,3.909,139
2022-11-17 01:00:00,3.776,200
2022-11-18 01:00:00,3.78,170
2022-11-19 01:00:00,3.671,192
2022-11-20 01:00:00,3.643,182
2022-11-21 01:00:00,3.758,191
2022-11-22 01:00:00,3.707,166
2022-11-23 01:00:00,2.865,850
2022-11-24 01:00:00,2.728,319
2022-11-25 01:00:00,2.818,282
2022-11-26 01:00:00,2.886,251
2022-11-27 01:00:00,2.91,232
2022-11-28 01:00:00,2.93,207
2022-11-29 01:00:00,2.938,201
2022-11-30 01:00:00,3.132,179
2022-12-01 01:00:00,3.299,165
2022-12-02 01:00:00,3.398,144
2022-12-03 01:00:00,3.348,177
2022-12-04 01:00:00,3.358,200
2022-12-05 01:00:00,3.295,180
2022-12-06 01:00:00,3.249,162
2022-12-07 01:00:00,3.217,168
2022-12-08 01:00:00,3.244,152
2022-12-09 01:00:00,3.32,173
2022-12-10 01:00:00,3.251,192
2022-12-11 01:00:00,3.273,197
2022-12-12 01:00:00,3.291,168
2022-12-13 01:00:00,3.262,197
2022-12-14 01:00:00,3.331,178
2022-12-15 01:00:00,3.234,200
2022-12-16 01:00:00,3.032,300
2022-12-17 01:00:00,3.063,229
2022-12-18 01:00:00,3.193,191
2022-12-19 01:00:00,3.281,153
2022-12-20 01:00:00,3.31,173
2022-12-21 01:00:00,3.462,154
2022-12-22 01:00:00,3.305,179
2022-12-23 01:00:00,2.896,336
2022-12-24 01:00:00,3.127,246
2022-12-25 01:00:00,3.199,195
2022-12-26 01:00:00,3.241,191
2022-12-27 01:00:00,3.304,207
2022-12-28 01:00:00,3.297,178
2022-12-29 01:00:00,3.259,210
2022-12-30 01:00:00,3.301,247
2022-12-31 01:00:00,3.393,207
2023-01-01 01:00:00,3.401,236
2023-01-02 01:00:00,3.476,239
2023-01-03 01:00:00,3.436,230
2023-01-04 01:00:00,3.497,190
2023-01-05 01:00:00,3.405,215
2023-01-06 01:00:00,3.624,208
2023-01-07 01:00:00,3.607,226
2023-01-08 01:00:00,3.748,229
2023-01-09 01:00:00,3.81,179
2023-01-10 01:00:00,3.991,202
2023-01-11 01:00:00,3.829,196
2023-01-12 01:00:00,3.857,183
2023-01-13 01:00:00,4.002,171
2023-01-14 01:00:00,4.395,226
2023-01-15 01:00:00,4.358,189
2023-01-16 01:00:00,4.326,167
2023-01-17 01:00:00,4.368,140
2023-01-18 01:00:00,4.401,156
2023-01-19 01:00:00,4.526,155
2023-01-20 01:00:00,4.576,167
2023-01-21 01:00:00,4.684,189
2023-01-22 01:00:00,4.61,180
2023-01-23 01:00:00,4.691,153
2023-01-24 01:00:00,4.437,173
2023-01-25 01:00:00,4.419,174
2023-01-26 01:00:00,4.549,199
2023-01-27 01:00:00,4.451,201
2023-01-28 01:00:00,4.559,216
2023-01-29 01:00:00,4.789,206
2023-01-30 01:00:00,4.777,161
2023-01-31 01:00:00,4.876,164
2023-02-01 01:00:00,4.999,167
2023-02-02 01:00:00,4.913,156
2023-02-03 01:00:00,4.919,170
2023-02-04 01:00:00,4.941,171
2023-02-05 01:00:00,4.725,177
2023-02-06 01:00:00,4.739,148
2023-02-07 01:00:00,4.699,150
2023-02-08 01:00:00,4.566,175
2023-02-09 01:00:00,4.549,126
2023-02-10 01:00:00,4.385,171
2023-02-11 01:00:00,4.482,177
2023-02-12 01:00:00,4.545,199
2023-02-13 01:00:00,4.393,169
2023-02-14 01:00:00,4.378,133
2023-02-15 01:00:00,4.389,169
2023-02-16 01:00:00,4.338,145
2023-02-17 01:00:00,4.201,166
2023-02-18 01:00:00,4.185,166
2023-02-19 01:00:00,4.128,172
2023-02-20 01:00:00,4.19,158
2023-02-21 01:00:00,4.141,168
2023-02-22 01:00:00,4.054,190
2023-02-23 01:00:00,3.815,195
2023-02-24 01:00:00,3.917,219
2023-02-25 01:00:00,3.865,229
2023-02-26 01:00:00,4.03,196
2023-02-27 01:00:00,4.053,199
2023-02-28 01:00:00,3.989,175
2023-03-01 01:00:00,4.062,180
2023-03-02 01:00:00,4.031,174
2023-03-03 01:00:00,4.106,202
2023-03-04 01:00:00,3.993,211
2023-03-05 01:00:00,3.944,193
2023-03-06 01:00:00,3.783,176
2023-03-07 01:00:00,3.748,231
2023-03-08 01:00:00,3.76,208
2023-03-09 01:00:00,3.68,186
2023-03-10 01:00:00,3.805,225
2023-03-11 01:00:00,3.492,314
2023-03-12 01:00:00,3.244,305
2023-03-13 01:00:00,3.336,277
2023-03-14 01:00:00,3.439,254
2023-03-15 01:00:00,3.512,265
2023-03-16 01:00:00,3.258,280
2023-03-17 01:00:00,3.173,320
2023-03-18 01:00:00,3.452,269
2023-03-19 01:00:00,3.305,258
2023-03-20 01:00:00,2.868,287
2023-03-21 01:00:00,2.997,258
2023-03-22 01:00:00,2.989,232
2023-03-23 01:00:00,3.285,280
2023-03-24 01:00:00,3.18,233
2023-03-25 01:00:00,3.343,252
2023-03-26 01:00:00,3.153,255
2023-03-27 01:00:00,3.243,192
2023-03-28 01:00:00,3.436,231
2023-03-29 01:00:00,3.243,253
2023-03-30 01:00:00,3.198,231
2023-03-31 01:00:00,3.468,220
2023-04-01 01:00:00,3.349,246
2023-04-02 01:00:00,3.267,233
2023-04-03 01:00:00,3.332,211
2023-04-04 01:00:00,3.311,210
2023-04-05 01:00:00,3.652,198
2023-04-06 01:00:00,3.702,318
2023-04-07 01:00:00,3.562,234
2023-04-08 01:00:00,3.736,240
2023-04-09 01:00:00,3.777,228
2023-04-10 01:00:00,3.341,217
2023-04-11 01:00:00,3.219,226
2023-04-12 01:00:00,3.703,210
2023-04-13 01:00:00,3.718,190
2023-04-14 01:00:00,3.806,234
2023-04-15 01:00:00,3.85,246
2023-04-16 01:00:00,3.799,243
2023-04-17 01:00:00,3.805,198
2023-04-18 01:00:00,3.84,202
2023-04-19 01:00:00,3.726,231
2023-04-20 01:00:00,3.546,188
2023-04-21 01:00:00,3.832,243
2023-04-22 01:00:00,4.111,251
2023-04-23 01:00:00,4.217,260
2023-04-24 01:00:00,4.262,229
2023-04-25 01:00:00,4.068,264
2023-04-26 01:00:00,4.076,247
2023-04-27 01:00:00,3.767,248
2023-04-28 01:00:00,3.786,290
2023-04-29 01:00:00,4.177,246
2023-04-30 01:00:00,4.098,264
2023-05-01 01:00:00,4.103,232
2023-05-02 01:00:00,3.842,214
2023-05-03 01:00:00,4.108,228
2023-05-04 01:00:00,4.079,221
2023-05-05 01:00:00,3.945,255
2023-05-06 01:00:00,4.065,255
2023-05-07 01:00:00,4.22,290
2023-05-08 01:00:00,4.242,219
2023-05-09 01:00:00,4.199,230
2023-05-10 01:00:00,3.813,240
2023-05-11 01:00:00,4.069,208
2023-05-12 01:00:00,4.228,191
2023-05-13 01:00:00,4.142,226
2023-05-14 01:00:00,4.337,205
2023-05-15 01:00:00,4.262,198
2023-05-16 01:00:00,4.225,199
2023-05-17 01:00:00,3.922,199
2023-05-18 01:00:00,4.305,172
2023-05-19 01:00:00,4.319,193
2023-05-20 01:00:00,4.488,189
2023-05-21 01:00:00,4.261,175
2023-05-22 01:00:00,3.842,174
2023-05-23 01:00:00,4.093,164
2023-05-24 01:00:00,3.431,202
2023-05-25 01:00:00,3.857,232
2023-05-26 01:00:00,3.185,252
2023-05-27 01:00:00,3.967,222
2023-05-28 01:00:00,4.052,240
2023-05-29 01:00:00,3.979,224
2023-05-30 01:00:00,3.558,236
2023-05-31 01:00:00,3.314,217
2023-06-01 01:00:00,3.351,238
2023-06-02 01:00:00,3.631,278
2023-06-03 01:00:00,3.504,293
2023-06-04 01:00:00,3.767,279
2023-06-05 01:00:00,3.667,263
2023-06-06 01:00:00,3.355,248
2023-06-07 01:00:00,3.715,254
2023-06-08 01:00:00,3.695,222
2023-06-09 01:00:00,3.123,261
2023-06-10 01:00:00,3.54,293
2023-06-11 01:00:00,3.326,280
2023-06-12 01:00:00,3.113,273
2023-06-13 01:00:00,3.37,245
2023-06-14 01:00:00,3.645,226
2023-06-15 01:00:00,3.484,238
2023-06-16 01:00:00,3.735,252
2023-06-17 01:00:00,3.847,242
2023-06-18 01:00:00,3.927,225
2023-06-19 01:00:00,3.596,209
2023-06-20 01:00:00,3.741,194
2023-06-21 01:00:00,4.167,172
2023-06-22 01:00:00,4.17,177
2023-06-23 01:00:00,4.094,175
2023-06-24 01:00:00,4.073,205
2023-06-25 01:00:00,4.144,189
2023-06-26 01:00:00,3.881,156
2023-06-27 01:00:00,4.192,188
2023-06-28 01:00:00,3.658,209
2023-06-29 01:00:00,3.581,237
2023-06-30 01:00:00,3.934,299
2023-07-01 01:00:00,3.766,248
2023-07-02 01:00:00,3.198,242
2023-07-03 01:00:00,3.29,255
2023-07-04 01:00:00,3.419,217
2023-07-05 01:00:00,3.295,230
2023-07-06 01:00:00,3.803,217
2023-07-07 01:00:00,3.829,236
2023-07-08 01:00:00,3.797,220
2023-07-09 01:00:00,3.85,240
2023-07-10 01:00:00,3.659,203
2023-07-11 01:00:00,3.931,205
2023-07-12 01:00:00,4.096,216
2023-07-13 01:00:00,3.934,212
2023-07-14 01:00:00,3.626,205
2023-07-15 01:00:00,4.095,232
2023-07-16 01:00:00,4.061,229
2023-07-17 01:00:00,3.925,214
2023-07-18 01:00:00,3.727,253
2023-07-19 01:00:00,3.934,226
2023-07-20 01:00:00,3.716,204
2023-07-21 01:00:00,3.903,186
2023-07-22 01:00:00,4.078,192
2023-07-23 01:00:00,3.772,199
2023-07-24 01:00:00,3.903,209
2023-07-25 01:00:00,4.005,202
2023-07-26 01:00:00,3.758,167
2023-07-27 01:00:00,3.593,214
2023-07-28 01:00:00,3.692,254
2023-07-29 01:00:00,3.722,295
2023-07-30 01:00:00,3.256,279
2023-07-31 01:00:00,4.073,188
2023-08-01 01:00:00,3.678,202
2023-08-02 01:00:00,3.798,213
2023-08-03 01:00:00,3.609,346
2023-08-04 01:00:00,3.803,247
2023-08-05 01:00:00,3.288,220
2023-08-06 01:00:00,3.903,221
2023-08-07 01:00:00,3.526,209
2023-08-08 01:00:00,3.126,242
2023-08-09 01:00:00,2.951,207
2023-08-10 01:00:00,3.429,200
2023-08-11 01:00:00,3.599,189
2023-08-12 01:00:00,3.607,194
2023-08-13 01:00:00,3.35,227
2023-08-14 01:00:00,3.303,207
2023-08-15 01:00:00,3.374,169
2023-08-16 01:00:00,3.376,210
2023-08-17 01:00:00,2.984,203
2023-08-18 01:00:00,3.156,213
2023-08-19 01:00:00,3.319,242
2023-08-20 01:00:00,2.896,251
2023-08-21 01:00:00,3.115,251
2023-08-22 01:00:00,3.288,238
2023-08-23 01:00:00,3.192,199
2023-08-24 01:00:00,3.619,181
2023-08-25 01:00:00,3.441,192
2023-08-26 01:00:00,3.147,237
2023-08-27 01:00:00,3.052,232
2023-08-28 01:00:00,3.225,214
2023-08-29 01:00:00,3.074,218
2023-08-30 01:00:00,3.324,365
2023-08-31 01:00:00,2.998,637
2023-09-01 01:00:00,2.921,307
2023-09-02 01:00:00,2.902,318
2023-09-03 01:00:00,2.93,272
2023-09-04 01:00:00,2.858,252
2023-09-05 01:00:00,3.002,264
2023-09-06 01:00:00,2.839,244
2023-09-07 01:00:00,2.951,216
2023-09-08 01:00:00,3.13,237
2023-09-09 01:00:00,2.867,259
2023-09-10 01:00:00,3.054,282
2023-09-11 01:00:00,2.898,214
2023-09-12 01:00:00,2.699,152
2023-09-13 01:00:00,2.814,190
2023-09-14 01:00:00,3.083,181
2023-09-15 01:00:00,3.08,258
2023-09-16 01:00:00,3.019,260
2023-09-17 01:00:00,3.151,182
2023-09-18 01:00:00,2.905,155
2023-09-19 01:00:00,3.122,151
2023-09-20 01:00:00,3.157,152
2023-09-21 01:00:00,3.076,152
2023-09-22 01:00:00,3.074,147
2023-09-23 01:00:00,2.94,148
2023-09-24 01:00:00,3.14,164
2023-09-25 01:00:00,3.192,131
2023-09-26 01:00:00,2.998,141
2023-09-27 01:00:00,3.216,145
2023-09-28 01:00:00,3.026,354
2023-09-29 01:00:00,2.721,249
2023-09-30 01:00:00,3.016,240
2023-10-01 01:00:00,3.082,215
2023-10-02 01:00:00,3.359,190
2023-10-03 01:00:00,3.015,205
2023-10-04 01:00:00,3.187,196
2023-10-05 01:00:00,3.259,264
2023-10-06 01:00:00,3.437,158
2023-10-07 01:00:00,3.553,149
2023-10-08 01:00:00,3.373,276
2023-10-09 01:00:00,3.297,133
2023-10-10 01:00:00,3.563,138
2023-10-11 01:00:00,3.275,137
2023-10-12 01:00:00,3.076,200
2023-10-13 01:00:00,3.182,361
2023-10-14 01:00:00,3.204,192
2023-10-15 01:00:00,3.299,287
2023-10-16 01:00:00,3.252,207
2023-10-17 01:00:00,3.359,248
2023-10-18 01:00:00,3.1,211
2023-10-19 01:00:00,3.486,145
2023-10-20 01:00:00,3.617,142
2023-10-21 01:00:00,3.339,180
2023-10-22 01:00:00,3.301,188
2023-10-23 01:00:00,3.472,166
2023-10-24 01:00:00,3.671,154
2023-10-25 01:00:00,3.708,194
2023-10-26 01:00:00,3.796,107
2023-10-27 01:00:00,3.566,107
2023-10-28 01:00:00,3.682,128
2023-10-29 01:00:00,3.628,172
2023-10-30 01:00:00,3.582,103
2023-10-31 01:00:00,3.413,174
2023-11-01 01:00:00,3.662,152
2023-11-02 01:00:00,3.577,168
2023-11-03 01:00:00,3.35,145
2023-11-04 01:00:00,3.575,134
2023-11-05 01:00:00,3.354,157
2023-11-06 01:00:00,3.602,116
2023-11-07 01:00:00,3.492,156
2023-11-08 01:00:00,3.001,153
2023-11-09 01:00:00,3.615,94
2023-11-10 01:00:00,3.347,117
2023-11-11 01:00:00,3.455,110
2023-11-12 01:00:00,3.244,103
2023-11-13 01:00:00,3.223,115
2023-11-14 01:00:00,3.173,108
2023-11-15 01:00:00,3.082,104
2023-11-16 01:00:00,3.023,120
2023-11-17 01:00:00,2.768,239
2023-11-18 01:00:00,3.13,128
2023-11-19 01:00:00,3.228,111
2023-11-20 01:00:00,3.039,129
2023-11-21 01:00:00,3.345,103
2023-11-22 01:00:00,3.72,136
2023-11-23 01:00:00,2.561,155
2023-11-24 01:00:00,3.0,199
2023-11-25 01:00:00,2.78,168
2023-11-26 01:00:00,2.796,225
2023-11-27 01:00:00,2.605,188
2023-11-28 01:00:00,2.704,147
2023-11-29 01:00:00,2.937,173
2023-11-30 01:00:00,2.881,205
2023-12-01 01:00:00,2.541,177
2023-12-02 01:00:00,3.132,225
2023-12-03 01:00:00,2.548,217
2023-12-04 01:00:00,2.797,200
2023-12-05 01:00:00,3.298,81
2023-12-06 01:00:00,3.41,89
2023-12-07 01:00:00,3.253,134
2023-12-08 01:00:00,3.089,156
2023-12-09 01:00:00,2.876,144
2023-12-10 01:00:00,3.052,126
2023-12-11 01:00:00,3.109,124
2023-12-12 01:00:00,2.816,102
2023-12-13 01:00:00,3.156,189
2023-12-14 01:00:00,3.017,143
2023-12-15 01:00:00,3.579,343
2023-12-16 01:00:00,3.674,187
2023-12-17 01:00:00,3.487,192
2023-12-18 01:00:00,3.139,214
2023-12-19 01:00:00,3.628,160
2023-12-20 01:00:00,2.816,203
2023-12-21 01:00:00,3.313,200
2023-12-22 01:00:00,3.368,170
2023-12-23 01:00:00,3.65,180
2023-12-24 01:00:00,3.202,210
2023-12-25 01:00:00,2.648,226
2023-12-26 01:00:00,3.223,196
2023-12-27 01:00:00,2.914,280
2023-12-28 01:00:00,3.173,184
2023-12-29 01:00:00,3.514,212
2023-12-30 01:00:00,3.441,193
2023-12-31 01:00:00,2.975,262
2024-01-01 01:00:00,3.037,235
2024-01-02 01:00:00,3.095,167
2024-01-03 01:00:00,3.422,272
2024-01-04 01:00:00,3.051,176
2024-01-05 01:00:00,3.628,180
2024-01-06 01:00:00,3.551,236
2024-01-07 01:00:00,3.388,210
2024-01-08 01:00:00,3.627,181
2024-01-09 01:00:00,3.922,144
2024-01-10 01:00:00,4.068,162
2024-01-11 01:00:00,3.909,149
2024-01-12 01:00:00,3.954,195
2024-01-13 01:00:00,3.868,236
2024-01-14 01:00:00,4.316,182
2024-01-15 01:00:00,4.407,138
2024-01-16 01:00:00,4.519,112
2024-01-17 01:00:00,4.396,127
2024-01-18 01:00:00,4.414,133
2024-01-19 01:00:00,4.311,168
2024-01-20 01:00:00,4.139,147
2024-01-21 01:00:00,3.942,169
2024-01-22 01:00:00,3.916,163
2024-01-23 01:00:00,4.0,149
2024-01-24 01:00:00,3.917,192
2024-01-25 01:00:00,3.906,181
2024-01-26 01:00:00,3.672,145
2024-01-27 01:00:00,3.706,211
2024-01-28 01:00:00,3.782,162
2024-01-29 01:00:00,3.588,173
2024-01-30 01:00:00,3.129,213
2024-01-31 01:00:00,3.591,209
2024-02-01 01:00:00,3.171,185
2024-02-02 01:00:00,3.882,150
2024-02-03 01:00:00,3.754,196
2024-02-04 01:00:00,3.789,183
2024-02-05 01:00:00,3.485,193
2024-02-06 01:00:00,3.589,189
2024-02-07 01:00:00,3.939,188
2024-02-08 01:00:00,3.622,182
2024-02-09 01:00:00,3.453,290
2024-02-10 01:00:00,3.753,188
2024-02-11 01:00:00,3.744,161
2024-02-12 01:00:00,3.624,193
2024-02-13 01:00:00,3.819,159
2024-02-14 01:00:00,3.62,175
2024-02-15 01:00:00,3.26,200
2024-02-16 01:00:00,3.446,192
2024-02-17 01:00:00,3.29,211
2024-02-18 01:00:00,3.111,260
2024-02-19 01:00:00,3.158,196
2024-02-20 01:00:00,2.292,226
2024-02-21 01:00:00,2.521,231
2024-02-22 01:00:00,2.78,209
2024-02-23 01:00:00,3.019,197
2024-02-24 01:00:00,3.182,196
2024-02-25 01:00:00,2.918,217
2024-02-26 01:00:00,2.878,161
2024-02-27 01:00:00,2.913,176
2024-02-28 01:00:00,2.826,172
2024-02-29 01:00:00,3.217,144
2024-03-01 01:00:00,3.151,162
2024-03-02 01:00:00,2.959,203
2024-03-03 01:00:00,2.894,142
2024-03-04 01:00:00,2.812,164
2024-03-05 01:00:00,2.647,172
2024-03-06 01:00:00,2.9,150
2024-03-07 01:00:00,2.582,199
2024-03-08 01:00:00,2.861,230
2024-03-09 01:00:00,3.023,186
2024-03-10 01:00:00,2.732,186
2024-03-11 01:00:00,2.228,241
2024-03-12 01:00:00,2.619,177
2024-03-13 01:00:00,2.851,149
2024-03-14 01:00:00,2.651,293
2024-03-15 01:00:00,2.972,160
2024-03-16 01:00:00,2.943,197
2024-03-17 01:00:00,2.861,226
2024-03-18 01:00:00,2.589,187
2024-03-19 01:00:00,2.556,265
2024-03-20 01:00:00,2.481,356
2024-03-21 01:00:00,2.758,324
2024-03-22 01:00:00,2.811,225
2024-03-23 01:00:00,3.111,106
2024-03-24 01:00:00,3.107,96
2024-03-25 01:00:00,3.157,77
2024-03-26 01:00:00,3.222,88
2024-03-27 01:00:00,3.189,100
2024-03-28 01:00:00,3.237,71
2024-03-29 01:00:00,3.303,87
2024-03-30 01:00:00,3.298,96
2024-03-31 01:00:00,3.245,87
2024-04-01 01:00:00,3.185,88
2024-04-02 01:00:00,3.194,86
2024-04-03 01:00:00,3.199,86
2024-04-04 01:00:00,3.255,74
2024-04-05 01:00:00,3.222,114
2024-04-06 01:00:00,3.193,119
2024-04-07 01:00:00,3.193,98
2024-04-08 01:00:00,3.122,81
2024-04-09 01:00:00,3.102,100
2024-04-10 01:00:00,3.048,101
2024-04-11 01:00:00,3.062,100
2024-04-12 01:00:00,3.251,169
2024-04-13 01:00:00,3.223,94
2024-04-14 01:00:00,3.179,97
2024-04-15 01:00:00,3.212,70
2024-04-16 01:00:00,3.23,73
2024-04-17 01:00:00,3.17,77
2024-04-18 01:00:00,3.16,74
2024-04-19 01:00:00,2.945,150
2024-04-20 01:00:00,2.975,134
2024-04-21 01:00:00,3.008,126
2024-04-22 01:00:00,2.976,101
2024-04-23 01:00:00,2.925,109
2024-04-24 01:00:00,2.983,92
2024-04-25 01:00:00,2.989,106
2024-04-26 01:00:00,2.969,97
2024-04-27 01:00:00,2.997,105
2024-04-28 01:00:00,3.023,107
2024-04-29 01:00:00,3.02,107
2024-04-30 01:00:00,3.07,103
2024-05-01 01:00:00,3.05,93
2024-05-02 01:00:00,3.04,90
2024-05-03 01:00:00,3.086,78
2024-05-04 01:00:00,3.067,112
2024-05-05 01:00:00,3.138,124
2024-05-06 01:00:00,3.077,99
2024-05-07 01:00:00,3.035,82
2024-05-08 01:00:00,3.138,103
2024-05-09 01:00:00,3.099,100
2024-05-10 01:00:00,3.136,100
2024-05-11 01:00:00,3.137,85
2024-05-12 01:00:00,3.186,91
2024-05-13 01:00:00,3.145,86
2024-05-14 01:00:00,3.148,97
2024-05-15 01:00:00,3.167,96
2024-05-16 01:00:00,3.183,98
2024-05-17 01:00:00,3.177,133
2024-05-18 01:00:00,3.24,119
2024-05-19 01:00:00,3.261,94
2024-05-20 01:00:00,3.312,78
2024-05-21 01:00:00,3.294,84
2024-05-22 01:00:00,3.263,97
2024-05-23 01:00:00,3.309,149
2024-05-24 01:00:00,3.394,89
2024-05-25 01:00:00,3.427,129
2024-05-26 01:00:00,3.408,94
2024-05-27 01:00:00,3.423,91
2024-05-28 01:00:00,3.462,88
2024-05-29 01:00:00,3.35,88
2024-05-30 01:00:00,3.419,93
2024-05-31 01:00:00,3.486,90
2024-06-01 01:00:00,3.651,118
2024-06-02 01:00:00,3.699,90
2024-06-03 01:00:00,3.617,90
2024-06-04 01:00:00,3.784,103
2024-06-05 01:00:00,3.71,74
2024-06-06 01:00:00,3.749,100
2024-06-07 01:00:00,3.911,101
2024-06-08 01:00:00,3.74,122
2024-06-09 01:00:00,3.855,120
2024-06-10 01:00:00,3.837,117
2024-06-11 01:00:00,3.886,142
2024-06-12 01:00:00,3.849,124
2024-06-13 01:00:00,3.775,109
2024-06-14 01:00:00,3.872,161
2024-06-15 01:00:00,4.064,187
2024-06-16 01:00:00,4.035,183
2024-06-17 01:00:00,4.1,113
2024-06-18 01:00:00,3.99,108
2024-06-19 01:00:00,3.953,108
2024-06-20 01:00:00,3.859,116
2024-06-21 01:00:00,3.904,117
2024-06-22 01:00:00,3.985,120
2024-06-23 01:00:00,3.939,136
2024-06-24 01:00:00,3.888,92
2024-06-25 01:00:00,3.907,115
2024-06-26 01:00:00,3.916,98
2024-06-27 01:00:00,3.938,131
2024-06-28 01:00:00,3.652,149
2024-06-29 01:00:00,3.76,142
2024-06-30 01:00:00,3.766,131
2024-07-01 01:00:00,3.822,127
2024-07-02 01:00:00,3.802,102
2024-07-03 01:00:00,3.806,107
2024-07-04 01:00:00,3.735,123
2024-07-05 01:00:00,3.77,119
2024-07-06 01:00:00,3.835,118
2024-07-07 01:00:00,3.819,130
2024-07-08 01:00:00,3.846,107
2024-07-09 01:00:00,3.829,114
2024-07-10 01:00:00,3.211,329
2024-07-11 01:00:00,3.1,167
2024-07-12 01:00:00,3.218,134
2024-07-13 01:00:00,3.261,126
2024-07-14 01:00:00,3.528,127
2024-07-15 01:00:00,3.505,103
2024-07-16 01:00:00,3.372,86
2024-07-17 01:00:00,3.466,130
2024-07-18 01:00:00,3.489,104
2024-07-19 01:00:00,3.522,107
2024-07-20 01:00:00,3.502,110
2024-07-21 01:00:00,3.644,116
2024-07-22 01:00:00,3.647,96
2024-07-23 01:00:00,3.61,110
2024-07-24 01:00:00,3.711,95
2024-07-25 01:00:00,3.794,110
2024-07-26 01:00:00,3.801,103
2024-07-27 01:00:00,3.905,127
2024-07-28 01:00:00,3.928,115
2024-07-29 01:00:00,3.964,92
2024-07-30 01:00:00,3.972,91
2024-07-31 01:00:00,3.984,101
2024-08-01 01:00:00,3.999,113
2024-08-02 01:00:00,4.208,126
2024-08-03 01:00:00,4.272,154
2024-08-04 01:00:00,4.293,160
2024-08-05 01:00:00,4.44,159
2024-08-06 01:00:00,4.448,179
2024-08-07 01:00:00,4.506,153
2024-08-08 01:00:00,4.455,156
2024-08-09 01:00:00,4.509,197
2024-08-10 01:00:00,4.653,175
2024-08-11 01:00:00,4.636,158
2024-08-12 01:00:00,4.513,126
2024-08-13 01:00:00,4.555,155
2024-08-14 01:00:00,4.508,157
2024-08-15 01:00:00,4.363,158
2024-08-16 01:00:00,4.198,169
2024-08-17 01:00:00,4.164,125
2024-08-18 01:00:00,4.136,140
2024-08-19 01:00:00,3.902,130
2024-08-20 01:00:00,3.733,169
2024-08-21 01:00:00,3.684,188
2024-08-22 01:00:00,3.74,148
2024-08-23 01:00:00,3.479,173
2024-08-24 01:00:00,3.667,123
2024-08-25 01:00:00,3.625,123
2024-08-26 01:00:00,3.673,118
2024-08-27 01:00:00,3.619,79
2024-08-28 01:00:00,3.622,112
2024-08-29 01:00:00,3.515,92
2024-08-30 01:00:00,3.537,93
2024-08-31 01:00:00,3.641,105
2024-09-01 01:00:00,3.636,99
2024-09-02 01:00:00,3.505,85
2024-09-03 01:00:00,3.506,81
2024-09-04 01:00:00,3.476,81
2024-09-05 01:00:00,3.483,77
2024-09-06 01:00:00,3.428,87
2024-09-07 01:00:00,3.476,95
2024-09-08 01:00:00,3.462,104
2024-09-09 01:00:00,3.552,65
2024-09-10 01:00:00,3.492,81
2024-09-11 01:00:00,3.435,77
2024-09-12 01:00:00,3.363,88
2024-09-13 01:00:00,3.317,92
2024-09-14 01:00:00,3.318,93
2024-09-15 01:00:00,3.322,92
2024-09-16 01:00:00,3.256,80
2024-09-17 01:00:00,3.152,4
2024-09-17 03:00:00,3.14,5
2024-09-17 04:00:00,3.15,5
2024-09-17 05:00:00,3.166,6
2024-09-17 06:00:00,3.14,6
2024-09-17 07:00:00,3.263,2
2024-09-17 08:00:00,3.172,1
2024-09-17 09:00:00,3.154,2
2024-09-17 10:00:00,2.777,2
2024-09-17 11:00:00,3.019,2
2024-09-17 12:00:00,3.296,8
2024-09-17 13:00:00,3.196,3
2024-09-17 14:00:00,3.296,3
2024-09-17 15:00:00,3.278,8
2024-09-17 16:00:00,3.149,5
2024-09-17 17:00:00,3.337,5
2024-09-17 18:00:00,3.239,3
2024-09-17 19:00:00,3.321,5
2024-09-17 20:00:00,2.991,2
2024-09-17 21:00:00,3.1,2
2024-09-17 22:00:00,3.053,4
2024-09-17 23:00:00,3.035,2
2024-09-18 00:00:00,3.192,4
2024-09-18 02:00:00,3.238,2
2024-09-18 03:00:00,3.338,1
2024-09-18 04:00:00,3.34,4
2024-09-18 05:00:00,3.023,2
2024-09-18 06:00:00,3.341,6
2024-09-18 07:00:00,3.231,2
2024-09-18 08:00:00,3.22,5
2024-09-18 09:00:00,3.307,3
2024-09-18 10:00:00,3.176,2
2024-09-18 11:00:00,3.066,5
2024-09-18 12:00:00,3.204,2
2024-09-18 13:00:00,3.108,4
2024-09-18 14:00:00,3.162,5
2024-09-18 15:00:00,3.119,4
2024-09-18 16:00:00,3.238,5
2024-09-18 17:00:00,3.253,3
2024-09-18 18:00:00,3.189,7
2024-09-18 19:00:00,3.295,2
2024-09-18 20:00:00,3.134,2
2024-09-18 21:00:00,3.289,6
2024-09-18 22:00:00,3.206,3
2024-09-18 23:00:00,3.158,1
2024-09-19 00:00:00,3.053,2
2024-09-19 01:00:00,3.183,1
2024-09-19 02:00:00,3.23,4
2024-09-19 03:00:00,3.212,4
2024-09-19 04:00:00,3.317,2
2024-09-19 05:00:00,3.357,2
2024-09-19 07:00:00,3.114,2
2024-09-19 08:00:00,3.013,1
2024-09-19 09:00:00,3.013,8
2024-09-19 10:00:00,3.28,2
2024-09-19 11:00:00,3.337,2
2024-09-19 12:00:00,3.13,2
2024-09-19 13:00:00,3.114,5
2024-09-19 14:00:00,3.166,3
2024-09-19 15:00:00,3.323,4
2024-09-19 16:00:00,3.363,1
2024-09-19 17:00:00,3.327,8
2024-09-19 18:00:00,3.275,5
2024-09-19 19:00:00,3.38,4
2024-09-19 20:00:00,3.405,4
2024-09-19 21:00:00,2.882,3
2024-09-19 22:00:00,3.098,2
2024-09-19 23:00:00,2.921,4
2024-09-20 00:00:00,2.99,3
2024-09-20 01:00:00,2.972,2
2024-09-20 02:00:00,2.766,2
2024-09-20 03:00:00,2.955,2
2024-09-20 05:00:00,2.784,1
2024-09-20 06:00:00,2.969,4
2024-09-20 07:00:00,2.883,2
2024-09-20 08:00:00,2.929,4
2024-09-20 09:00:00,3.014,4
2024-09-20 10:00:00,3.009,6
2024-09-20 11:00:00,2.95,4
2024-09-20 12:00:00,3.041,2
2024-09-20 13:00:00,3.122,3
2024-09-20 14:00:00,3.192,6
2024-09-20 15:00:00,3.278,7
2024-09-20 16:00:00,3.317,10
2024-09-20 17:00:00,3.33,9
2024-09-20 18:00:00,3.281,5
2024-09-20 19:00:00,3.271,5
2024-09-20 20:00:00,3.284,3
2024-09-20 21:00:00,3.347,7
2024-09-20 22:00:00,3.41,4
2024-09-20 23:00:00,3.109,2
2024-09-21 00:00:00,3.108,1
2024-09-21 02:00:00,3.05,1
2024-09-21 03:00:00,3.001,1
2024-09-21 04:00:00,3.115,3
2024-09-21 06:00:00,3.116,3
2024-09-21 07:00:00,3.304,3
2024-09-21 08:00:00,3.361,2
2024-09-21 09:00:00,2.841,2
2024-09-21 10:00:00,2.958,4
2024-09-21 11:00:00,3.226,5
2024-09-21 12:00:00,3.335,3
2024-09-21 13:00:00,2.947,1
2024-09-21 14:00:00,3.23,5
2024-09-21 15:00:00,3.129,3
2024-09-21 16:00:00,3.228,5
2024-09-21 17:00:00,3.129,7
2024-09-21 18:00:00,3.229,5
2024-09-21 19:00:00,3.238,6
2024-09-21 20:00:00,3.329,5
2024-09-21 21:00:00,3.26,2
2024-09-21 22:00:00,3.4,3
2024-09-21 23:00:00,3.39,6
2024-09-22 00:00:00,3.064,2
2024-09-22 01:00:00,3.035,2
2024-09-22 02:00:00,2.943,1
2024-09-22 03:00:00,3.055,3
2024-09-22 05:00:00,3.395,2
2024-09-22 06:00:00,2.973,1
2024-09-22 07:00:00,3.156,4
2024-09-22 08:00:00,3.39,2
2024-09-22 09:00:00,2.996,1
2024-09-22 10:00:00,3.102,6
2024-09-22 11:00:00,3.245,3
2024-09-22 12:00:00,3.396,6
2024-09-22 13:00:00,3.22,5
2024-09-22 14:00:00,3.131,7
2024-09-22 15:00:00,3.179,8
2024-09-22 16:00:00,3.212,5
2024-09-22 17:00:00,3.208,6
2024-09-22 18:00:00,2.999,8
2024-09-22 19:00:00,3.012,2
2024-09-22 20:00:00,3.153,8
2024-09-22 21:00:00,3.087,2
2024-09-22 22:00:00,3.001,1
2024-09-22 23:00:00,3.062,4
2024-09-23 01:00:00,3.097,1
2024-09-23 02:00:00,3.049,2
2024-09-23 03:00:00,3.079,2
2024-09-23 04:00:00,3.11,3
2024-09-23 05:00:00,3.236,1
2024-09-23 06:00:00,3.225,2
2024-09-23 07:00:00,2.854,1
2024-09-23 08:00:00,2.992,1
2024-09-23 09:00:00,3.129,3
2024-09-23 10:00:00,2.991,2
2024-09-23 11:00:00,3.028,3
2024-09-23 12:00:00,3.016,3
2024-09-23 13:00:00,3.064,2
2024-09-23 14:00:00,3.114,6
2024-09-23 15:00:00,3.129,3
2024-09-23 16:00:00,3.111,4
2024-09-23 17:00:00,3.093,5
2024-09-23 18:00:00,3.089,6
2024-09-23 19:00:00,3.141,8
2024-09-23 20:00:00,3.072,2
2024-09-23 21:00:00,3.217,1
2024-09-23 22:00:00,3.204,1
2024-09-23 23:00:00,3.006,1
2024-09-24 00:00:00,3.18,1
2024-09-24 02:00:00,3.102,2
2024-09-24 03:00:00,2.996,2
2024-09-24 04:00:00,2.975,1
2024-09-24 06:00:00,2.95,3
2024-09-24 07:00:00,2.972,2
2024-09-24 08:00:00,2.961,1
2024-09-24 09:00:00,2.796,1
2024-09-24 10:00:00,2.879,8
2024-09-24 11:00:00,2.909,7
2024-09-24 12:00:00,2.967,5
2024-09-24 13:00:00,3.142,5
2024-09-24 14:00:00,3.154,5
2024-09-24 15:00:00,3.151,4
2024-09-24 16:00:00,2.973,3
2024-09-24 17:00:00,2.928,6
2024-09-24 18:00:00,2.969,4
2024-09-24 19:00:00,3.001,6
2024-09-24 20:00:00,3.154,8
2024-09-24 21:00:00,3.195,7
2024-09-24 22:00:00,3.285,4
2024-09-24 23:00:00,3.279,1
2024-09-25 01:00:00,3.288,1
2024-09-25 03:00:00,3.27,2
2024-09-25 04:00:00,3.245,2
2024-09-25 06:00:00,3.11,1
2024-09-25 07:00:00,3.244,4
2024-09-25 08:00:00,3.13,1
2024-09-25 09:00:00,3.239,4
2024-09-25 10:00:00,3.239,1
2024-09-25 11:00:00,3.12,3
2024-09-25 12:00:00,3.118,5
2024-09-25 13:00:00,3.166,5
2024-09-25 14:00:00,3.254,5
2024-09-25 15:00:00,3.238,4
2024-09-25 16:00:00,3.266,4
2024-09-25 17:00:00,3.218,6
2024-09-25 18:00:00,3.215,4
2024-09-25 19:00:00,2.99,6
2024-09-25 20:00:00,3.045,2
2024-09-25 21:00:00,3.157,3
2024-09-25 22:00:00,3.024,1
2024-09-25 23:00:00,3.16,5
2024-09-26 00:00:00,2.909,1
2024-09-26 02:00:00,3.03,3
2024-09-26 03:00:00,3.104,1
2024-09-26 04:00:00,3.048,1
2024-09-26 05:00:00,3.028,1
2024-09-26 06:00:00,2.943,1
2024-09-26 07:00:00,2.931,2
2024-09-26 08:00:00,3.091,4
2024-09-26 09:00:00,3.106,2
2024-09-26 10:00:00,2.985,5
2024-09-26 11:00:00,2.916,1
2024-09-26 12:00:00,2.92,7
2024-09-26 13:00:00,2.92,9
2024-09-26 14:00:00,3.251,10
2024-09-26 15:00:00,3.234,7
2024-09-26 16:00:00,3.105,7
2024-09-26 17:00:00,3.09,4
2024-09-26 18:00:00,3.071,8
2024-09-26 19:00:00,3.34,5
2024-09-26 20:00:00,3.276,6
2024-09-26 21:00:00,3.075,1
2024-09-26 22:00:00,3.197,2
2024-09-26 23:00:00,3.195,2
2024-09-27 01:00:00,3.081,1
2024-09-27 02:00:00,3.138,1
2024-09-27 04:00:00,2.875,3
2024-09-27 05:00:00,2.92,1
2024-09-27 09:00:00,3.116,3
2024-09-27 10:00:00,3.147,4
2024-09-27 11:00:00,3.0,3
2024-09-27 12:00:00,2.967,4
2024-09-27 13:00:00,3.013,4
2024-09-27 14:00:00,3.142,6
2024-09-27 15:00:00,2.999,3
2024-09-27 16:00:00,3.057,6
2024-09-27 17:00:00,3.138,4
2024-09-27 18:00:00,3.025,8
2024-09-27 19:00:00,3.213,4
2024-09-27 20:00:00,3.181,2
2024-09-27 21:00:00,3.157,3
2024-09-27 22:00:00,3.123,5
2024-09-28 00:00:00,3.236,2
2024-09-28 01:00:00,3.289,3
2024-09-28 02:00:00,3.054,1
2024-09-28 03:00:00,2.931,2
2024-09-28 04:00:00,3.284,3
2024-09-28 05:00:00,3.297,6
2024-09-28 08:00:00,3.249,4
2024-09-28 09:00:00,3.282,3
2024-09-28 10:00:00,2.996,3
2024-09-28 11:00:00,3.213,9
2024-09-28 12:00:00,3.092,7
2024-09-28 13:00:00,3.021,2
2024-09-28 14:00:00,2.999,3
2024-09-28 15:00:00,3.105,7
2024-09-28 16:00:00,3.277,2
2024-09-28 17:00:00,3.104,7
2024-09-28 18:00:00,2.938,4
2024-09-28 19:00:00,2.894,7
2024-09-28 20:00:00,3.133,6
2024-09-28 21:00:00,2.892,5
2024-09-28 22:00:00,2.96,3
2024-09-28 23:00:00,2.882,1
2024-09-29 00:00:00,2.944,6
2024-09-29 01:00:00,2.96,1
2024-09-29 02:00:00,3.069,2
2024-09-29 03:00:00,3.092,2
2024-09-29 04:00:00,3.203,3
2024-09-29 05:00:00,3.245,2
2024-09-29 06:00:00,3.114,2
2024-09-29 07:00:00,3.064,2
2024-09-29 08:00:00,3.111,4
2024-09-29 09:00:00,3.127,6
2024-09-29 10:00:00,3.203,4
2024-09-29 11:00:00,2.923,4
2024-09-29 12:00:00,3.023,9
2024-09-29 13:00:00,3.083,1
2024-09-29 14:00:00,3.189,4
2024-09-29 15:00:00,3.177,6
2024-09-29 16:00:00,3.199,6
2024-09-29 17:00:00,2.924,6
2024-09-29 18:00:00,3.002,6
2024-09-29 19:00:00,3.106,1
2024-09-29 20:00:00,3.018,4
2024-09-29 21:00:00,3.1,4
2024-09-29 22:00:00,3.145,4
2024-09-29 23:00:00,3.086,5
2024-09-30 00:00:00,3.14,3
2024-09-30 01:00:00,3.205,4
2024-09-30 02:00:00,3.2,1
2024-09-30 03:00:00,3.169,2
2024-09-30 04:00:00,3.195,2
2024-09-30 06:00:00,3.113,1
2024-09-30 07:00:00,3.2,2
2024-09-30 08:00:00,3.209,1
2024-09-30 09:00:00,3.202,3
2024-09-30 10:00:00,3.115,3
2024-09-30 11:00:00,3.077,2
2024-09-30 12:00:00,3.074,3
2024-09-30 13:00:00,3.209,5
2024-09-30 14:00:00,3.009,3
2024-09-30 15:00:00,3.08,5
2024-09-30 16:00:00,3.136,7
2024-09-30 17:00:00,3.193,6
2024-09-30 18:00:00,3.086,4
2024-09-30 19:00:00,3.209,9
2024-09-30 20:00:00,3.265,3
2024-09-30 21:00:00,3.273,9
2024-09-30 22:00:00,3.287,3
2024-09-30 23:00:00,3.293,2
2024-10-01 00:00:00,3.314,1
2024-10-01 03:00:00,3.004,3
2024-10-01 04:00:00,3.049,2
2024-10-01 05:00:00,3.23,1
2024-10-01 06:00:00,3.228,1
2024-10-01 07:00:00,3.314,3
2024-10-01 08:00:00,3.121,1
2024-10-01 09:00:00,3.273,3
2024-10-01 11:00:00,2.891,2
2024-10-01 12:00:00,3.104,5
2024-10-01 13:00:00,3.021,5
2024-10-01 14:00:00,3.323,8
2024-10-01 15:00:00,3.325,6
2024-10-01 16:00:00,3.16,10
2024-10-01 17:00:00,2.849,1
2024-10-01 18:00:00,3.188,5
2024-10-01 19:00:00,2.645,4
2024-10-01 20:00:00,2.945,8
2024-10-01 21:00:00,2.744,4
2024-10-01 22:00:00,2.822,5
2024-10-01 23:00:00,2.923,1
2024-10-02 00:00:00,2.877,4
2024-10-02 01:00:00,2.71,2
2024-10-02 02:00:00,2.9,2
2024-10-02 03:00:00,2.798,3
2024-10-02 04:00:00,2.839,3
2024-10-02 05:00:00,2.82,8
2024-10-02 06:00:00,2.809,4
2024-10-02 07:00:00,2.793,10
2024-10-02 08:00:00,2.77,9
2024-10-02 09:00:00,2.763,7
2024-10-02 10:00:00,2.71,8
2024-10-02 11:00:00,2.775,11
2024-10-02 12:00:00,2.764,14
2024-10-02 13:00:00,2.769,8
2024-10-02 14:00:00,2.767,7
2024-10-02 15:00:00,2.789,13
2024-10-02 16:00:00,2.737,10
2024-10-02 17:00:00,2.788,6
2024-10-02 18:00:00,2.774,10
2024-10-02 19:00:00,2.785,12
2024-10-02 20:00:00,2.743,8
2024-10-02 21:00:00,2.743,7
2024-10-02 22:00:00,2.73,5
2024-10-02 23:00:00,2.76,3
2024-10-03 00:00:00,2.779,6
2024-10-03 01:00:00,2.73,1
2024-10-03 02:00:00,2.76,1
2024-10-03 04:00:00,2.772,4
2024-10-03 05:00:00,2.78,5
2024-10-03 06:00:00,2.73,7
2024-10-03 07:00:00,2.72,4
2024-10-03 08:00:00,2.734,6
2024-10-03 09:00:00,2.73,8
2024-10-03 10:00:00,2.759,6
2024-10-03 11:00:00,2.768,6
2024-10-03 12:00:00,2.75,5
2024-10-03 13:00:00,2.725,16
2024-10-03 14:00:00,2.73,17
2024-10-03 15:00:00,2.73,16
2024-10-03 16:00:00,2.751,15
2024-10-03 17:00:00,2.73,16
2024-10-03 18:00:00,2.772,11
2024-10-03 19:00:00,2.782,7
2024-10-03 20:00:00,2.744,6
2024-10-03 21:00:00,2.64,3
2024-10-03 22:00:00,2.769,2
2024-10-03 23:00:00,2.801,1
2024-10-04 00:00:00,2.72,3
2024-10-04 01:00:00,2.809,4
2024-10-04 02:00:00,2.719,2
2024-10-04 03:00:00,2.796,1
2024-10-04 04:00:00,2.754,4
2024-10-04 05:00:00,2.73,5
2024-10-04 06:00:00,2.81,2
2024-10-04 07:00:00,2.733,4
2024-10-04 08:00:00,2.72,4
2024-10-04 09:00:00,2.714,4
2024-10-04 10:00:00,2.739,6
2024-10-04 11:00:00,2.715,10
2024-10-04 12:00:00,2.746,4
2024-10-04 13:00:00,2.78,5
2024-10-04 14:00:00,2.812,8
2024-10-04 15:00:00,2.834,10
2024-10-04 16:00:00,2.752,8
2024-10-04 17:00:00,2.869,4
2024-10-04 18:00:00,2.889,7
2024-10-04 19:00:00,2.894,9
2024-10-04 20:00:00,2.93,6
2024-10-04 21:00:00,2.823,4
2024-10-04 22:00:00,2.812,2
2024-10-04 23:00:00,2.87,1
2024-10-05 00:00:00,2.861,1
2024-10-05 01:00:00,2.89,3
2024-10-05 02:00:00,2.82,4
2024-10-05 03:00:00,2.996,2
2024-10-05 05:00:00,2.99,1
2024-10-05 07:00:00,2.844,6
2024-10-05 08:00:00,2.73,8
2024-10-05 09:00:00,2.843,4
2024-10-05 10:00:00,2.871,5
2024-10-05 11:00:00,2.86,2
2024-10-05 12:00:00,2.842,6
2024-10-05 13:00:00,2.819,2
2024-10-05 14:00:00,2.787,5
2024-10-05 15:00:00,2.845,8
2024-10-05 16:00:00,2.705,2
2024-10-05 17:00:00,2.819,8
2024-10-05 18:00:00,2.875,6
2024-10-05 19:00:00,2.72,7
2024-10-05 20:00:00,2.834,7
2024-10-05 21:00:00,2.899,6
2024-10-05 22:00:00,2.92,3
2024-10-05 23:00:00,2.988,6
2024-10-06 00:00:00,2.905,4
2024-10-06 01:00:00,2.81,4
2024-10-06 02:00:00,2.917,4
2024-10-06 03:00:00,2.997,3
2024-10-06 04:00:00,2.66,5
2024-10-06 05:00:00,3.059,2
2024-10-06 06:00:00,2.946,3
2024-10-06 07:00:00,3.09,2
2024-10-06 08:00:00,2.963,6
2024-10-06 09:00:00,2.939,2
2024-10-06 10:00:00,3.054,3
2024-10-06 11:00:00,2.705,4
2024-10-06 12:00:00,2.949,5
2024-10-06 13:00:00,3.025,7
2024-10-06 14:00:00,2.819,7
2024-10-06 15:00:00,2.987,10
2024-10-06 16:00:00,3.039,4
2024-10-06 17:00:00,3.013,3
2024-10-06 18:00:00,2.79,3
2024-10-06 19:00:00,2.79,3
2024-10-06 20:00:00,2.897,3
2024-10-06 21:00:00,2.89,1
2024-10-06 22:00:00,3.049,1
2024-10-06 23:00:00,2.71,1
2024-10-07 00:00:00,2.826,2
2024-10-07 01:00:00,2.819,3
2024-10-07 02:00:00,2.851,4
2024-10-07 03:00:00,2.89,3
2024-10-07 04:00:00,2.885,3
2024-10-07 05:00:00,2.8,6
2024-10-07 06:00:00,2.8,3
2024-10-07 07:00:00,2.807,2
2024-10-07 08:00:00,2.748,3
2024-10-07 09:00:00,2.779,2
2024-10-07 10:00:00,2.72,5
2024-10-07 11:00:00,2.84,7
2024-10-07 12:00:00,2.965,5
2024-10-07 13:00:00,2.798,3
2024-10-07 14:00:00,2.818,6
2024-10-07 15:00:00,2.895,8
2024-10-07 16:00:00,2.941,8
2024-10-07 17:00:00,2.986,6
2024-10-07 18:00:00,2.981,3
2024-10-07 19:00:00,2.819,5
2024-10-07 20:00:00,3.01,7
2024-10-07 21:00:00,2.801,5
2024-10-07 22:00:00,2.913,3
2024-10-07 23:00:00,2.925,6
2024-10-08 00:00:00,2.96,3
2024-10-08 02:00:00,2.995,4
2024-10-08 03:00:00,2.99,3
2024-10-08 04:00:00,2.955,2
2024-10-08 05:00:00,2.864,2
2024-10-08 06:00:00,2.981,3
2024-10-08 07:00:00,2.79,4
2024-10-08 08:00:00,3.007,2
2024-10-08 09:00:00,2.953,2
2024-10-08 10:00:00,2.999,1
2024-10-08 11:00:00,3.006,1
2024-10-08 12:00:00,2.979,4
2024-10-08 13:00:00,2.952,5
2024-10-08 14:00:00,2.871,10
2024-10-08 15:00:00,3.0,8
2024-10-08 16:00:00,2.79,3
2024-10-08 17:00:00,2.73,8
2024-10-08 18:00:00,2.766,6
2024-10-08 19:00:00,2.885,2
2024-10-08 20:00:00,2.699,4
2024-10-08 22:00:00,2.87,2
2024-10-08 23:00:00,2.723,2
2024-10-09 00:00:00,2.887,1
2024-10-09 01:00:00,2.87,1
2024-10-09 02:00:00,2.87,1
2024-10-09 04:00:00,2.784,1
2024-10-09 05:00:00,2.741,2
2024-10-09 06:00:00,2.812,5
2024-10-09 07:00:00,2.88,5
2024-10-09 08:00:00,2.897,2
2024-10-09 09:00:00,2.73,3
2024-10-09 10:00:00,2.725,4
2024-10-09 11:00:00,2.795,4
2024-10-09 12:00:00,2.852,2
2024-10-09 13:00:00,2.742,4
2024-10-09 14:00:00,2.943,4
2024-10-09 15:00:00,2.863,3
2024-10-09 16:00:00,2.956,6
2024-10-09 17:00:00,2.869,4
2024-10-09 18:00:00,2.743,6
2024-10-09 19:00:00,2.68,5
2024-10-09 20:00:00,2.865,3
2024-10-09 21:00:00,2.891,3
2024-10-09 22:00:00,2.7,2
2024-10-09 23:00:00,2.858,5
2024-10-10 00:00:00,2.855,3
2024-10-10 01:00:00,2.93,1
2024-10-10 02:00:00,2.93,1
2024-10-10 04:00:00,2.932,1
2024-10-10 05:00:00,2.82,1
2024-10-10 06:00:00,2.92,5
2024-10-10 07:00:00,2.73,1
2024-10-10 08:00:00,2.725,2
2024-10-10 09:00:00,2.625,2
2024-10-10 10:00:00,2.777,5
2024-10-10 11:00:00,2.765,3
2024-10-10 12:00:00,2.808,4
2024-10-10 13:00:00,2.74,6
2024-10-10 14:00:00,2.695,2
2024-10-10 15:00:00,2.62,4
2024-10-10 16:00:00,2.772,10
2024-10-10 17:00:00,2.757,6
2024-10-10 18:00:00,2.828,5
2024-10-10 19:00:00,2.724,10
2024-10-10 20:00:00,2.856,5
2024-10-10 22:00:00,2.897,5
2024-10-10 23:00:00,2.888,6
2024-10-11 00:00:00,2.926,2
2024-10-11 01:00:00,2.923,1
2024-10-11 02:00:00,2.883,1
2024-10-11 03:00:00,2.875,1
2024-10-11 04:00:00,2.82,3
2024-10-11 05:00:00,2.823,1
2024-10-11 06:00:00,2.831,2
2024-10-11 07:00:00,2.76,1
2024-10-11 08:00:00,2.88,3
2024-10-11 09:00:00,2.899,4
2024-10-11 10:00:00,2.917,1
2024-10-11 11:00:00,2.848,4
2024-10-11 12:00:00,2.831,9
2024-10-11 13:00:00,2.896,4
2024-10-11 14:00:00,2.872,5
2024-10-11 15:00:00,2.901,6
2024-10-11 16:00:00,2.899,6
2024-10-11 17:00:00,2.9,3
2024-10-11 18:00:00,2.65,6
2024-10-11 19:00:00,2.77,5
2024-10-11 20:00:00,2.846,6
2024-10-11 21:00:00,2.764,4
2024-10-11 22:00:00,2.752,1
2024-10-12 00:00:00,2.73,3
2024-10-12 01:00:00,2.756,8
2024-10-12 02:00:00,2.813,4
2024-10-12 03:00:00,2.807,3
2024-10-12 04:00:00,2.85,4
2024-10-12 05:00:00,2.86,2
2024-10-12 06:00:00,2.864,2
2024-10-12 07:00:00,2.863,4
2024-10-12 08:00:00,2.863,5
2024-10-12 09:00:00,2.812,4
2024-10-12 10:00:00,2.681,4
2024-10-12 11:00:00,2.817,5
2024-10-12 12:00:00,2.813,8
2024-10-12 13:00:00,2.867,6
2024-10-12 14:00:00,2.888,10
2024-10-12 15:00:00,2.796,10
2024-10-12 16:00:00,2.862,6
2024-10-12 17:00:00,2.67,2
2024-10-12 18:00:00,2.7,9
2024-10-12 19:00:00,2.718,4
2024-10-12 20:00:00,2.775,5
2024-10-12 21:00:00,2.862,6
2024-10-12 22:00:00,2.896,5
2024-10-13 00:00:00,2.668,2
2024-10-13 01:00:00,2.76,3
2024-10-13 03:00:00,2.83,6
2024-10-13 04:00:00,2.756,2
2024-10-13 05:00:00,2.895,2
2024-10-13 06:00:00,2.901,3
2024-10-13 07:00:00,2.901,1
2024-10-13 08:00:00,2.836,4
2024-10-13 09:00:00,2.882,2
2024-10-13 10:00:00,2.863,3
2024-10-13 11:00:00,2.796,2
2024-10-13 12:00:00,2.898,4
2024-10-13 13:00:00,2.809,5
2024-10-13 14:00:00,2.876,6
2024-10-13 15:00:00,2.688,4
2024-10-13 16:00:00,2.781,8
2024-10-13 17:00:00,2.729,6
2024-10-13 18:00:00,2.89,1
2024-10-13 19:00:00,2.838,4
2024-10-13 20:00:00,2.823,5
2024-10-13 21:00:00,2.886,4
2024-10-13 22:00:00,2.844,1
2024-10-13 23:00:00,2.806,3
2024-10-14 00:00:00,2.81,2
2024-10-14 01:00:00,2.81,3
2024-10-14 02:00:00,2.817,2
2024-10-14 03:00:00,2.891,2
2024-10-14 04:00:00,2.883,3
2024-10-14 05:00:00,2.872,1
2024-10-14 06:00:00,2.775,1
2024-10-14 08:00:00,2.65,2
2024-10-14 09:00:00,2.718,1
2024-10-14 10:00:00,2.685,2
2024-10-14 11:00:00,2.7,7
2024-10-14 12:00:00,2.709,6
2024-10-14 13:00:00,2.713,2
2024-10-14 14:00:00,2.723,11
2024-10-14 15:00:00,2.787,4
2024-10-14 16:00:00,2.89,9
2024-10-14 17:00:00,2.89,3
2024-10-14 18:00:00,2.868,4
2024-10-14 19:00:00,2.729,6
2024-10-14 20:00:00,2.846,4
2024-10-14 21:00:00,2.845,6
2024-10-14 22:00:00,2.846,4
2024-10-14 23:00:00,2.902,4
2024-10-15 00:00:00,2.911,1
2024-10-15 01:00:00,2.805,2
2024-10-15 02:00:00,2.801,2
2024-10-15 03:00:00,2.92,1
2024-10-15 04:00:00,2.759,3
2024-10-15 05:00:00,2.81,3
2024-10-15 06:00:00,2.949,2
2024-10-15 07:00:00,2.944,4
2024-10-15 08:00:00,2.96,2
2024-10-15 09:00:00,2.847,3
2024-10-15 10:00:00,2.942,5
2024-10-15 11:00:00,2.7,3
2024-10-15 12:00:00,2.824,12
2024-10-15 13:00:00,2.892,6
2024-10-15 14:00:00,2.65,3
2024-10-15 15:00:00,2.738,10
2024-10-15 16:00:00,2.77,4
2024-10-15 17:00:00,2.7,17
2024-10-15 18:00:00,2.87,5
2024-10-15 19:00:00,2.817,4
2024-10-15 20:00:00,2.842,3
2024-10-15 21:00:00,2.87,6
2024-10-15 22:00:00,2.761,2
2024-10-16 00:00:00,2.791,2
2024-10-16 01:00:00,2.84,5
2024-10-16 03:00:00,2.839,5
2024-10-16 04:00:00,2.861,5
2024-10-16 05:00:00,2.871,1
2024-10-16 07:00:00,2.84,4
2024-10-16 08:00:00,2.816,6
2024-10-16 09:00:00,2.67,5
2024-10-16 10:00:00,2.755,4
2024-10-16 11:00:00,2.747,2
2024-10-16 12:00:00,2.8,3
2024-10-16 13:00:00,2.827,5
2024-10-16 14:00:00,2.803,3
2024-10-16 15:00:00,2.724,4
2024-10-16 16:00:00,2.791,7
2024-10-16 17:00:00,2.811,7
2024-10-16 18:00:00,2.656,5
2024-10-16 19:00:00,2.679,5
2024-10-16 20:00:00,2.747,5
2024-10-16 21:00:00,2.786,2
2024-10-16 22:00:00,2.756,5
2024-10-16 23:00:00,2.784,2
2024-10-17 00:00:00,2.722,2
2024-10-17 01:00:00,2.79,2
